V1,V2,V3,V4,V5,V6,V7,V8,V9,V10,V11,V12,label
1.89,3240.0,0.14,0.0,0,0,7239.0,0,1.0,0,1.98,0.0,1
5.55,3608.0,0.5,2.0,1,0,7164.0,1,0.0,0,1.86,2.0,1
6.36,3388.0,0.13,2.0,0,0,4498.0,0,2.0,0,2.03,1.0,1
4.23,3137.0,0.44,2.0,0,1,7160.0,2,1.0,2,1.18,2.0,2
6.1,3473.0,0.4,2.0,1,1,4586.0,0,1.0,2,0.58,1.0,2
1.63,3142.0,0.52,1.0,0,0,4507.0,1,0.0,0,1.16,0.0,1
5.6,3141.0,0.66,1.0,0,1,7237.0,0,0.0,2,0.58,1.0,2
8.28,3251.0,0.13,0.0,1,1,7326.0,1,2.0,2,1.14,1.0,2
1.47,3551.0,0.32,0.0,0,0,4420.0,2,0.0,1,2.05,1.0,1
6.66,3073.0,0.44,1.0,1,0,6629.0,0,1.0,0,1.67,0.0,2
6.43,3138.0,0.44,1.0,0,0,3263.0,0,2.0,0,0.81,2.0,1
5.89,3517.0,0.26,0.0,0,0,4125.0,0,2.0,0,0.57,0.0,2
6.04,3539.0,0.51,1.0,0,0,7328.0,0,1.0,0,1.16,0.0,2
2.8,3515.0,0.4,1.0,1,0,7326.0,1,0.0,0,1.29,0.0,2
8.28,3151.0,0.64,2.0,0,0,4575.0,0,1.0,0,0.57,2.0,1
7.93,3138.0,0.46,2.0,1,0,4518.0,2,2.0,0,1.05,1.0,1
5.51,3473.0,0.3,2.0,0,0,6165.0,2,1.0,0,0.56,1.0,0
8.24,3140.0,0.5,1.0,1,0,7335.0,1,2.0,0,1.02,0.0,1
5.43,3076.0,0.48,1.0,1,1,6924.0,1,0.0,2,0.57,2.0,1
2.73,3386.0,0.4,0.0,0,0,5387.0,2,1.0,0,1.67,2.0,0
1.6,3124.0,0.24,1.0,0,0,3607.0,2,0.0,0,1.23,2.0,1
5.68,3148.0,0.53,2.0,0,1,4645.0,0,2.0,2,1.97,2.0,1
8.23,3139.0,0.4,1.0,0,0,4394.0,0,1.0,0,1.22,0.0,1
4.36,3420.0,0.65,0.0,1,1,3767.0,2,0.0,1,1.71,1.0,1
7.0,3567.0,0.62,0.0,1,1,4432.0,1,2.0,2,1.2,0.0,2
1.78,3221.0,0.52,0.0,1,0,3038.0,0,0.0,0,1.89,2.0,0
7.57,3130.0,0.42,1.0,0,0,4509.0,2,1.0,0,1.92,0.0,1
5.44,3150.0,0.31,2.0,1,0,3026.0,1,1.0,0,1.72,1.0,1
7.1,3447.0,0.47,1.0,1,0,7348.0,2,0.0,0,1.68,0.0,1
7.22,3465.0,0.52,2.0,0,0,6270.0,0,2.0,0,1.04,1.0,1
6.52,3164.0,0.4,0.0,0,0,4538.0,0,0.0,0,1.78,1.0,1
5.87,3090.0,0.54,2.0,0,0,3159.0,0,2.0,1,0.83,2.0,1
1.46,3146.0,0.44,2.0,1,0,4486.0,1,1.0,0,0.6,1.0,1
6.75,3213.0,0.53,1.0,1,0,3355.0,2,0.0,0,1.83,1.0,0
8.36,3122.0,0.4,1.0,0,1,6988.0,2,0.0,2,0.57,0.0,2
6.76,3608.0,0.13,0.0,1,0,3093.0,0,2.0,0,0.6,0.0,2
6.71,3406.0,0.5,2.0,1,0,4563.0,2,2.0,0,1.79,1.0,1
6.08,3105.0,0.47,2.0,0,0,3192.0,0,0.0,0,1.35,2.0,0
7.25,3125.0,0.41,2.0,0,0,6144.0,0,0.0,0,1.57,2.0,0
6.49,3324.0,0.27,0.0,1,0,4474.0,1,2.0,0,0.93,1.0,2
2.19,3599.0,0.44,2.0,0,0,5121.0,1,1.0,0,1.27,1.0,2
5.57,3554.0,0.37,1.0,0,0,6447.0,2,1.0,0,0.57,2.0,2
3.26,3117.0,0.13,1.0,1,0,5909.0,2,2.0,0,1.83,1.0,0
7.65,3119.0,0.53,2.0,0,0,4748.0,0,1.0,0,0.59,2.0,1
5.54,3143.0,0.45,1.0,1,0,4552.0,2,0.0,0,1.65,1.0,1
5.74,3115.0,0.65,2.0,1,1,3611.0,2,1.0,2,1.73,0.0,0
1.82,3553.0,0.42,2.0,1,0,4556.0,2,1.0,0,1.61,1.0,2
1.58,3522.0,0.13,0.0,0,0,4549.0,2,2.0,0,1.79,1.0,1
5.74,3505.0,0.4,0.0,0,0,6098.0,0,0.0,0,1.88,1.0,2
7.65,3168.0,0.13,1.0,1,0,3979.0,1,1.0,0,0.55,1.0,1
6.38,3125.0,0.66,2.0,1,0,4559.0,2,1.0,0,0.68,1.0,1
6.12,3132.0,0.13,2.0,0,1,7337.0,1,2.0,1,1.69,0.0,1
1.47,3613.0,0.52,1.0,0,0,4507.0,2,0.0,0,1.86,0.0,2
1.55,3466.0,0.62,0.0,0,0,4522.0,1,1.0,0,0.82,1.0,0
6.9,3132.0,0.18,1.0,1,0,4079.0,0,2.0,0,1.5,1.0,1
8.26,3133.0,0.47,2.0,1,0,3605.0,1,2.0,0,1.36,0.0,1
1.47,3487.0,0.63,2.0,0,0,4502.0,2,2.0,1,1.06,0.0,2
5.58,3242.0,0.14,0.0,1,0,4616.0,0,0.0,1,0.98,1.0,0
5.66,3425.0,0.14,0.0,1,0,3981.0,1,0.0,0,1.94,2.0,1
1.97,3147.0,0.52,2.0,1,0,3178.0,2,2.0,0,1.87,2.0,0
5.83,3389.0,0.45,1.0,1,0,3093.0,2,1.0,0,0.57,2.0,1
6.8,3423.0,0.44,1.0,1,0,2996.0,0,2.0,0,0.58,2.0,0
5.72,3318.0,0.48,0.0,0,0,7336.0,2,2.0,1,0.58,0.0,2
7.82,3485.0,0.66,2.0,0,0,4472.0,0,1.0,0,1.98,1.0,0
8.21,3249.0,0.34,0.0,1,0,3192.0,1,0.0,0,1.63,0.0,2
6.9,3223.0,0.6,0.0,1,1,4539.0,1,2.0,1,1.97,1.0,1
7.22,3431.0,0.36,0.0,1,0,3497.0,0,0.0,0,0.57,1.0,2
1.45,3131.0,0.48,2.0,1,0,6154.0,1,0.0,0,0.6,0.0,1
2.17,3571.0,0.28,2.0,0,0,4005.0,0,0.0,0,1.17,0.0,2
6.36,3549.0,0.51,0.0,0,0,4538.0,1,0.0,0,1.69,0.0,2
7.9,3531.0,0.28,0.0,1,1,6760.0,2,1.0,2,1.73,2.0,1
5.59,3473.0,0.13,2.0,0,0,4565.0,2,1.0,0,1.08,1.0,1
7.15,3140.0,0.4,2.0,1,0,7270.0,2,2.0,0,1.98,1.0,2
1.44,3142.0,0.55,2.0,1,0,3359.0,2,2.0,0,0.91,2.0,2
1.71,3450.0,0.49,0.0,0,0,5206.0,1,1.0,0,1.31,2.0,0
5.53,3489.0,0.52,2.0,1,1,7272.0,2,2.0,2,1.65,2.0,2
5.93,3479.0,0.56,0.0,0,0,7306.0,0,0.0,0,0.55,1.0,0
5.5,3146.0,0.13,1.0,1,1,5528.0,0,0.0,2,1.96,0.0,0
2.03,3548.0,0.52,1.0,1,0,4307.0,2,2.0,0,1.2,1.0,2
5.88,3263.0,0.13,0.0,0,0,3361.0,1,2.0,0,0.87,2.0,2
8.34,3118.0,0.49,2.0,1,0,4535.0,1,2.0,0,0.68,2.0,2
1.61,3128.0,0.45,2.0,1,0,5291.0,2,2.0,0,0.88,1.0,0
7.67,3423.0,0.15,0.0,1,1,3318.0,2,1.0,2,0.86,0.0,2
7.29,3404.0,0.18,0.0,1,0,7278.0,2,1.0,0,0.58,0.0,2
7.83,3133.0,0.18,2.0,1,1,3111.0,0,1.0,2,1.88,1.0,0
6.9,3137.0,0.48,2.0,1,0,3483.0,1,1.0,0,1.46,2.0,0
5.69,3129.0,0.13,2.0,0,1,3400.0,0,2.0,1,1.7,2.0,1
1.45,3120.0,0.48,1.0,1,0,3341.0,2,0.0,0,0.88,0.0,1
5.61,3140.0,0.46,1.0,0,0,5295.0,2,0.0,0,1.95,2.0,1
6.24,3131.0,0.48,1.0,1,0,4271.0,2,2.0,0,1.27,1.0,0
3.18,3117.0,0.46,1.0,0,0,4643.0,0,0.0,0,1.18,0.0,1
2.25,3488.0,0.52,2.0,1,1,7229.0,0,2.0,2,1.96,0.0,2
7.0,3289.0,0.63,0.0,1,0,3273.0,0,0.0,0,0.61,1.0,2
5.44,3138.0,0.56,1.0,0,1,6268.0,0,2.0,2,1.77,2.0,0
1.93,3119.0,0.64,2.0,1,0,7322.0,0,2.0,0,1.36,1.0,2
5.73,3117.0,0.52,1.0,1,0,4589.0,2,1.0,0,0.59,1.0,0
6.21,3468.0,0.6,0.0,1,1,4553.0,0,0.0,2,1.17,1.0,1
1.9,3361.0,0.61,0.0,0,0,4085.0,0,0.0,0,1.65,0.0,0
7.92,3120.0,0.14,2.0,0,0,7160.0,2,2.0,0,0.72,1.0,0
6.0,3103.0,0.48,0.0,1,0,4575.0,2,2.0,0,1.45,2.0,0
6.7,3443.0,0.43,1.0,1,0,6870.0,2,0.0,2,2.02,2.0,0
5.57,3395.0,0.52,0.0,0,0,3589.0,1,0.0,0,1.38,1.0,2
2.03,3117.0,0.14,2.0,1,0,6357.0,0,1.0,0,2.07,2.0,0
5.77,3167.0,0.57,0.0,1,0,3207.0,2,1.0,0,1.8,0.0,1
2.02,3496.0,0.48,1.0,0,0,4376.0,2,2.0,0,0.65,1.0,2
1.49,3146.0,0.53,2.0,0,0,4446.0,1,2.0,0,1.64,1.0,0
4.9,3145.0,0.49,2.0,1,0,3335.0,2,2.0,0,2.01,0.0,0
6.36,3509.0,0.53,1.0,1,0,4476.0,1,1.0,0,1.52,1.0,2
7.04,3470.0,0.63,2.0,0,0,5936.0,2,1.0,0,1.88,2.0,0
5.86,3405.0,0.14,0.0,1,0,4575.0,1,1.0,0,1.78,1.0,1
3.48,3142.0,0.14,2.0,1,0,4698.0,2,2.0,0,0.71,1.0,0
2.76,3244.0,0.18,0.0,0,0,7225.0,1,1.0,0,0.61,0.0,2
6.96,3140.0,0.49,2.0,0,0,3763.0,0,1.0,0,1.33,1.0,2
1.5,3076.0,0.39,2.0,0,0,5129.0,0,2.0,0,0.65,1.0,2
6.13,3361.0,0.66,0.0,1,0,7315.0,0,0.0,0,1.73,0.0,0
1.66,3221.0,0.59,0.0,0,1,7255.0,1,1.0,1,0.83,0.0,2
7.75,3139.0,0.53,1.0,1,0,7242.0,2,0.0,0,1.78,2.0,1
5.58,3070.0,0.13,1.0,1,0,7250.0,1,0.0,0,1.73,2.0,1
1.66,3142.0,0.44,2.0,1,0,3821.0,0,0.0,0,1.88,1.0,0
3.74,3115.0,0.46,1.0,1,0,6889.0,0,0.0,0,1.13,0.0,0
7.11,3603.0,0.44,0.0,1,1,4491.0,0,2.0,2,1.51,1.0,1
6.35,3189.0,0.49,0.0,1,0,4410.0,1,0.0,0,1.68,1.0,1
6.18,3123.0,0.14,2.0,1,0,3216.0,0,2.0,0,1.44,0.0,1
5.61,3505.0,0.46,0.0,1,1,3245.0,1,2.0,2,0.58,1.0,1
5.58,3180.0,0.51,0.0,0,1,4553.0,1,0.0,2,1.74,1.0,2
5.54,3115.0,0.57,2.0,1,0,6288.0,2,1.0,0,1.75,1.0,1
8.14,3146.0,0.52,1.0,1,0,7286.0,1,2.0,0,1.58,2.0,0
7.85,3570.0,0.57,2.0,1,1,3218.0,1,2.0,2,1.85,2.0,1
6.64,3142.0,0.53,2.0,0,0,7161.0,0,0.0,0,1.68,1.0,0
7.39,3559.0,0.13,2.0,0,0,5808.0,2,1.0,0,0.56,1.0,1
1.49,3131.0,0.65,2.0,1,0,3568.0,0,2.0,0,1.24,1.0,0
7.53,3124.0,0.42,2.0,1,1,4500.0,2,1.0,2,0.57,1.0,1
1.6,3138.0,0.37,2.0,1,0,4515.0,2,0.0,0,0.83,2.0,2
2.0,3463.0,0.5,0.0,0,1,3932.0,1,1.0,2,1.65,1.0,2
2.11,3549.0,0.46,0.0,0,0,7179.0,1,2.0,0,0.66,2.0,2
1.5,3134.0,0.42,2.0,0,0,4207.0,2,0.0,0,1.92,2.0,2
8.17,3335.0,0.17,0.0,1,0,3288.0,1,0.0,0,1.72,1.0,0
1.58,3146.0,0.52,2.0,0,0,4837.0,2,0.0,1,1.27,0.0,2
5.19,3184.0,0.47,0.0,1,0,4591.0,0,0.0,0,0.73,0.0,2
5.79,3569.0,0.5,0.0,1,0,3740.0,1,2.0,0,1.57,1.0,2
7.42,3486.0,0.13,0.0,0,0,5501.0,1,1.0,0,0.59,2.0,1
1.91,3252.0,0.22,0.0,0,0,5691.0,0,0.0,0,0.56,1.0,2
1.59,3478.0,0.48,0.0,0,0,3293.0,0,2.0,0,1.97,1.0,1
5.98,3134.0,0.46,2.0,0,0,4571.0,0,0.0,0,0.95,0.0,0
5.67,3263.0,0.57,0.0,1,0,3594.0,0,2.0,0,0.58,0.0,0
1.63,3540.0,0.46,0.0,0,0,3795.0,1,0.0,0,1.67,0.0,2
5.7,3603.0,0.47,0.0,0,0,7271.0,0,2.0,0,1.76,0.0,2
5.14,3556.0,0.67,1.0,0,0,4559.0,1,2.0,0,0.67,1.0,2
7.27,3382.0,0.57,0.0,1,0,7331.0,2,2.0,0,1.87,0.0,0
1.76,3134.0,0.53,1.0,1,0,4470.0,2,2.0,0,0.55,1.0,1
5.51,3409.0,0.13,0.0,0,0,3095.0,0,0.0,1,1.81,1.0,0
2.16,3137.0,0.13,2.0,0,0,7302.0,0,0.0,0,1.32,1.0,2
1.53,3398.0,0.63,1.0,0,1,7288.0,1,0.0,2,1.88,0.0,0
5.46,3604.0,0.14,0.0,1,0,3123.0,2,0.0,0,0.94,2.0,2
5.69,3147.0,0.52,1.0,1,0,3204.0,0,1.0,0,0.55,1.0,0
8.26,3151.0,0.5,1.0,1,0,4560.0,1,2.0,0,1.81,1.0,0
5.92,3119.0,0.52,2.0,1,0,7200.0,1,1.0,0,0.84,2.0,1
6.28,3507.0,0.62,0.0,1,1,3116.0,0,0.0,0,1.61,1.0,1
6.14,3149.0,0.43,1.0,1,1,7168.0,2,2.0,1,1.85,0.0,0
1.55,3147.0,0.2,2.0,1,1,3517.0,0,0.0,2,1.7,1.0,1
5.71,3575.0,0.52,2.0,1,0,4124.0,0,2.0,0,0.86,0.0,2
2.19,3344.0,0.52,0.0,0,0,7241.0,2,1.0,0,2.0,1.0,1
2.11,3131.0,0.34,1.0,0,0,3106.0,1,0.0,0,1.79,2.0,1
6.78,3505.0,0.46,1.0,0,1,5264.0,0,0.0,2,1.93,1.0,1
6.0,3151.0,0.51,2.0,1,0,4845.0,2,2.0,0,0.93,0.0,0
1.55,3281.0,0.37,0.0,0,0,5255.0,1,1.0,0,0.57,0.0,0
2.81,3132.0,0.42,2.0,1,0,4560.0,2,0.0,0,1.59,1.0,2
7.77,3143.0,0.14,1.0,0,0,7186.0,1,2.0,1,1.87,1.0,0
5.45,3069.0,0.43,1.0,0,0,4848.0,0,1.0,0,1.64,0.0,2
6.36,3553.0,0.53,0.0,1,1,7204.0,2,2.0,2,0.6,0.0,1
7.89,3589.0,0.6,2.0,1,0,3679.0,2,2.0,0,1.23,0.0,0
7.81,3139.0,0.14,2.0,1,0,4483.0,1,1.0,0,2.04,1.0,1
5.46,3169.0,0.43,0.0,0,0,3343.0,0,0.0,0,2.06,2.0,1
5.43,3136.0,0.2,2.0,1,1,7277.0,1,1.0,2,1.66,2.0,0
6.91,3120.0,0.14,2.0,0,1,4506.0,2,2.0,2,1.94,0.0,0
6.24,3274.0,0.39,0.0,0,0,4580.0,0,2.0,0,1.39,1.0,0
1.54,3138.0,0.26,0.0,0,1,5698.0,1,1.0,2,2.07,1.0,1
1.61,3152.0,0.63,2.0,0,0,3038.0,2,2.0,0,1.19,0.0,1
7.21,3125.0,0.59,1.0,1,0,4566.0,2,1.0,2,1.91,1.0,1
5.3,3139.0,0.45,2.0,1,1,6621.0,0,0.0,2,1.52,2.0,2
5.88,3130.0,0.14,2.0,1,0,6489.0,1,0.0,0,1.65,2.0,2
6.94,3122.0,0.52,2.0,0,1,3930.0,2,0.0,2,1.94,2.0,1
3.18,3372.0,0.14,0.0,1,0,3185.0,1,2.0,0,1.7,0.0,1
6.66,3226.0,0.13,0.0,1,0,3433.0,0,2.0,0,1.27,2.0,2
5.53,3265.0,0.13,2.0,0,0,4509.0,1,0.0,0,0.56,1.0,1
7.75,3281.0,0.58,0.0,1,0,7349.0,2,2.0,0,0.56,0.0,2
5.54,3120.0,0.37,2.0,0,0,7326.0,1,0.0,0,0.87,2.0,0
4.35,3466.0,0.5,2.0,1,0,4281.0,1,2.0,0,2.03,0.0,1
8.33,3413.0,0.37,0.0,0,0,7295.0,1,0.0,0,1.78,2.0,0
5.26,3072.0,0.53,1.0,1,0,3097.0,0,0.0,0,0.99,2.0,2
5.46,3124.0,0.51,1.0,0,0,7315.0,2,1.0,0,0.99,1.0,1
3.32,3138.0,0.31,2.0,0,0,7200.0,0,1.0,0,1.93,1.0,0
7.9,3467.0,0.47,2.0,1,0,3614.0,1,2.0,0,1.92,1.0,0
1.6,3615.0,0.36,0.0,1,0,3796.0,0,2.0,0,1.65,0.0,2
8.27,3340.0,0.19,0.0,0,0,3093.0,1,0.0,0,1.23,0.0,2
1.43,3465.0,0.4,0.0,1,0,6131.0,0,0.0,1,0.72,2.0,2
5.81,3148.0,0.46,0.0,1,1,4488.0,2,2.0,2,1.77,1.0,0
5.58,3487.0,0.13,0.0,0,0,4117.0,1,0.0,0,1.2,0.0,0
3.12,3576.0,0.48,0.0,1,0,7306.0,2,0.0,0,1.9,2.0,0
6.47,3119.0,0.14,2.0,0,1,4742.0,2,2.0,2,1.28,2.0,2
7.91,3131.0,0.51,2.0,0,1,7176.0,1,0.0,2,0.86,0.0,0
6.66,3136.0,0.13,2.0,0,0,7292.0,2,0.0,0,1.56,2.0,0
1.58,3625.0,0.42,2.0,1,0,5728.0,2,1.0,1,1.05,0.0,1
7.91,3271.0,0.14,0.0,0,0,3603.0,2,0.0,0,1.23,2.0,2
5.87,3133.0,0.14,1.0,1,1,4473.0,1,0.0,2,0.57,1.0,1
8.35,3146.0,0.45,1.0,1,1,3097.0,1,0.0,2,1.56,0.0,1
5.43,3148.0,0.43,2.0,1,0,7159.0,2,0.0,0,1.64,0.0,0
2.97,3463.0,0.4,0.0,1,0,3033.0,1,0.0,0,1.61,2.0,0
1.59,3125.0,0.56,2.0,0,0,7055.0,1,2.0,0,0.58,1.0,0
1.58,3146.0,0.53,1.0,1,1,5438.0,2,1.0,1,1.91,2.0,0
4.67,3125.0,0.47,2.0,0,0,4584.0,1,2.0,0,1.68,1.0,2
6.93,3364.0,0.51,0.0,1,0,4417.0,2,1.0,0,0.64,0.0,2
5.85,3140.0,0.13,2.0,0,0,4419.0,0,2.0,0,1.73,0.0,0
7.99,3138.0,0.42,2.0,1,0,4507.0,1,0.0,1,1.58,1.0,2
1.63,3123.0,0.62,2.0,0,0,6773.0,0,0.0,0,1.24,2.0,1
6.8,3147.0,0.42,2.0,0,0,4848.0,1,2.0,0,2.06,0.0,0
7.1,3072.0,0.2,1.0,1,0,3753.0,2,2.0,0,1.09,1.0,2
6.1,3237.0,0.31,0.0,0,1,6319.0,1,1.0,2,0.75,2.0,2
2.05,3148.0,0.53,2.0,1,0,4476.0,2,2.0,0,2.05,1.0,0
7.55,3152.0,0.35,2.0,1,0,4591.0,0,1.0,0,1.87,1.0,1
5.71,3118.0,0.52,1.0,1,0,7360.0,0,1.0,0,0.93,2.0,0
1.61,3613.0,0.39,1.0,1,0,4494.0,2,1.0,0,1.8,1.0,1
6.86,3122.0,0.59,2.0,1,0,4028.0,0,0.0,0,1.23,0.0,0
5.66,3129.0,0.51,1.0,0,0,4281.0,0,2.0,0,2.06,2.0,0
5.78,3152.0,0.49,1.0,0,0,3584.0,1,1.0,0,1.03,1.0,1
5.22,3606.0,0.58,0.0,0,0,7292.0,2,0.0,0,1.06,0.0,2
5.66,3135.0,0.2,2.0,1,0,7215.0,1,1.0,0,1.89,0.0,1
7.75,3141.0,0.51,2.0,1,0,4548.0,1,0.0,1,1.17,0.0,2
5.55,3411.0,0.13,0.0,1,0,6693.0,1,2.0,0,0.6,2.0,0
2.1,3550.0,0.51,1.0,1,1,7312.0,2,0.0,2,2.01,0.0,2
1.93,3505.0,0.46,1.0,0,0,4485.0,1,1.0,0,1.66,0.0,2
1.97,3584.0,0.53,1.0,1,0,4072.0,2,1.0,0,0.75,1.0,2
5.55,3325.0,0.39,0.0,1,0,7273.0,2,0.0,0,1.04,0.0,0
1.77,3131.0,0.51,2.0,1,0,7320.0,0,1.0,0,1.22,0.0,0
6.65,3528.0,0.63,2.0,0,0,6935.0,2,2.0,0,0.97,2.0,2
8.09,3480.0,0.55,2.0,1,0,4582.0,2,2.0,0,0.9,0.0,0
6.98,3529.0,0.2,0.0,1,0,6046.0,2,0.0,0,1.19,2.0,2
8.03,3143.0,0.25,1.0,0,0,3910.0,1,0.0,0,0.58,0.0,0
4.24,3517.0,0.53,1.0,1,0,4560.0,0,2.0,0,1.55,1.0,2
1.58,3147.0,0.41,1.0,0,0,7083.0,2,0.0,0,0.6,1.0,1
2.25,3516.0,0.53,0.0,1,0,4520.0,2,0.0,0,1.73,1.0,2
4.93,3513.0,0.47,1.0,1,0,6393.0,0,0.0,0,1.9,2.0,2
7.54,3401.0,0.49,0.0,1,1,4483.0,1,2.0,0,0.58,0.0,2
5.58,3383.0,0.14,0.0,1,0,7302.0,0,0.0,0,1.29,2.0,0
6.14,3119.0,0.13,2.0,0,0,4105.0,0,2.0,0,2.03,1.0,0
5.69,3582.0,0.58,1.0,0,0,6977.0,1,1.0,0,0.57,1.0,2
1.54,3123.0,0.57,1.0,1,1,4560.0,0,0.0,2,1.22,1.0,2
5.64,3121.0,0.5,2.0,1,0,6432.0,0,0.0,0,0.78,2.0,0
6.03,3136.0,0.51,2.0,0,0,4540.0,0,2.0,0,1.08,0.0,1
1.58,3124.0,0.24,2.0,1,1,3930.0,0,2.0,2,2.05,1.0,0
3.92,3126.0,0.14,2.0,0,0,4455.0,1,1.0,0,1.6,0.0,0
7.6,3115.0,0.14,2.0,1,1,3542.0,1,1.0,2,0.99,0.0,0
1.79,3149.0,0.5,2.0,0,0,5593.0,2,2.0,0,0.8,1.0,0
4.73,3146.0,0.13,2.0,0,1,3115.0,1,0.0,2,1.9,2.0,0
6.73,3337.0,0.29,0.0,0,1,7289.0,1,2.0,2,1.13,1.0,2
6.99,3126.0,0.56,2.0,1,0,4484.0,0,0.0,0,0.77,2.0,0
1.43,3228.0,0.18,0.0,1,0,6098.0,2,0.0,0,1.58,2.0,1
1.5,3126.0,0.14,1.0,0,0,4755.0,0,0.0,0,1.86,1.0,1
1.49,3120.0,0.16,2.0,0,0,4985.0,1,1.0,0,1.7,1.0,0
4.0,3139.0,0.47,1.0,0,0,5725.0,2,0.0,0,1.81,1.0,1
6.59,3149.0,0.14,0.0,1,0,3376.0,0,2.0,0,0.6,2.0,0
6.69,3117.0,0.13,2.0,1,0,3585.0,0,1.0,0,0.7,0.0,1
6.13,3149.0,0.52,1.0,1,0,3376.0,1,1.0,0,1.84,0.0,1
4.07,3121.0,0.34,1.0,0,0,4538.0,1,1.0,0,1.38,0.0,1
5.98,3465.0,0.51,0.0,1,0,4075.0,2,0.0,0,0.55,1.0,0
5.1,3512.0,0.14,1.0,1,0,6302.0,2,2.0,0,1.09,0.0,2
1.71,3073.0,0.54,0.0,0,0,5538.0,0,0.0,0,1.84,0.0,2
1.56,3140.0,0.44,2.0,0,0,7283.0,0,0.0,1,1.75,2.0,1
7.92,3121.0,0.13,2.0,1,0,7295.0,1,1.0,0,1.84,1.0,0
5.49,3483.0,0.13,2.0,1,0,7219.0,2,2.0,0,1.03,0.0,1
5.77,3509.0,0.33,1.0,0,0,4605.0,0,1.0,0,1.71,2.0,2
5.46,3583.0,0.25,1.0,0,0,4533.0,2,1.0,0,1.63,1.0,1
6.12,3332.0,0.53,0.0,0,0,3233.0,0,2.0,0,1.95,2.0,0
2.1,3345.0,0.36,0.0,1,0,7341.0,1,2.0,0,1.96,0.0,1
5.43,3127.0,0.57,2.0,1,0,7264.0,2,1.0,0,0.9,2.0,0
5.87,3119.0,0.31,2.0,1,1,4589.0,2,2.0,2,0.73,1.0,1
4.28,3142.0,0.25,1.0,1,0,6776.0,2,2.0,0,1.25,2.0,0
3.71,3151.0,0.48,2.0,1,0,4503.0,2,2.0,0,1.76,1.0,0
6.78,3131.0,0.39,2.0,1,0,3964.0,0,1.0,0,1.41,0.0,0
5.64,3504.0,0.13,0.0,1,0,4472.0,1,2.0,0,0.57,1.0,2
7.19,3500.0,0.13,0.0,1,1,3541.0,0,0.0,2,1.72,2.0,1
6.68,3116.0,0.46,2.0,1,1,3772.0,0,2.0,2,1.15,1.0,2
4.66,3076.0,0.45,1.0,1,0,5152.0,0,0.0,0,1.97,1.0,2
1.8,3141.0,0.51,2.0,1,0,4576.0,2,1.0,0,1.14,1.0,0
1.94,3125.0,0.65,2.0,1,0,4686.0,1,1.0,0,0.55,1.0,1
8.06,3134.0,0.53,1.0,0,0,4932.0,1,1.0,0,0.59,2.0,0
8.23,3130.0,0.34,1.0,0,0,4569.0,1,0.0,0,0.55,0.0,0
1.48,3118.0,0.48,2.0,1,0,4495.0,0,1.0,0,1.44,1.0,1
1.66,3519.0,0.49,0.0,0,0,3294.0,0,2.0,0,1.29,1.0,1
5.96,3144.0,0.26,2.0,0,0,6026.0,1,1.0,0,0.59,0.0,0
1.75,3484.0,0.52,2.0,1,1,7163.0,2,1.0,2,1.36,1.0,2
1.58,3586.0,0.5,1.0,1,0,7174.0,2,2.0,0,1.22,2.0,2
5.65,3121.0,0.46,1.0,0,0,4087.0,2,0.0,0,1.99,0.0,0
6.59,3595.0,0.6,0.0,1,0,5025.0,1,2.0,0,1.62,0.0,2
5.65,3198.0,0.19,0.0,0,0,4593.0,1,0.0,0,2.0,0.0,0
6.9,3140.0,0.14,2.0,1,1,4410.0,0,0.0,2,0.58,1.0,1
6.43,3181.0,0.61,0.0,1,0,3581.0,1,2.0,0,1.26,0.0,2
6.96,3423.0,0.53,0.0,1,0,3754.0,2,1.0,0,1.04,0.0,2
5.55,3246.0,0.49,1.0,0,0,6339.0,2,0.0,0,1.25,2.0,1
3.65,3597.0,0.52,0.0,0,0,3323.0,1,2.0,0,0.67,0.0,2
1.82,3352.0,0.52,2.0,1,1,3778.0,0,0.0,0,1.12,0.0,4
2.26,3096.0,0.47,0.0,0,1,3390.0,0,1.0,2,1.39,1.0,1
3.41,3072.0,0.6,2.0,0,1,4538.0,0,0.0,1,1.83,2.0,0
7.77,3090.0,0.43,0.0,0,1,3117.0,0,2.0,2,0.85,1.0,1
2.15,3258.0,0.57,1.0,0,1,6681.0,0,0.0,2,1.97,1.0,2
6.15,3110.0,0.43,1.0,1,1,5013.0,0,1.0,2,0.68,1.0,3
7.48,3074.0,0.45,2.0,1,1,7250.0,0,2.0,1,2.06,0.0,4
5.44,3150.0,0.67,0.0,1,1,4578.0,0,2.0,0,0.55,2.0,3
1.89,3148.0,0.46,1.0,0,1,6421.0,0,0.0,0,1.21,1.0,3
1.48,3498.0,0.13,2.0,1,0,3744.0,0,1.0,2,1.18,0.0,2
5.63,3082.0,0.46,2.0,0,1,6140.0,0,0.0,1,0.77,1.0,3
1.42,3598.0,0.65,1.0,0,0,3230.0,0,1.0,1,0.6,1.0,3
5.03,3466.0,0.52,1.0,0,0,5895.0,2,0.0,1,1.24,0.0,2
5.6,3144.0,0.62,1.0,0,0,3328.0,1,0.0,2,1.41,0.0,1
7.47,3083.0,0.53,0.0,0,0,4827.0,0,0.0,0,0.56,1.0,4
6.94,3082.0,0.4,1.0,1,1,3421.0,0,2.0,2,1.84,1.0,4
6.82,3467.0,0.14,2.0,0,1,4584.0,0,1.0,2,1.4,2.0,4
3.17,3085.0,0.52,0.0,1,0,7235.0,0,2.0,2,1.87,0.0,2
6.96,3481.0,0.14,1.0,0,0,3272.0,0,1.0,0,1.1,0.0,4
1.46,3097.0,0.46,0.0,0,0,7053.0,0,0.0,1,0.71,1.0,3
5.58,3106.0,0.49,1.0,1,0,5437.0,0,1.0,0,1.47,2.0,1
7.68,3298.0,0.61,0.0,0,1,7214.0,0,2.0,0,0.91,1.0,1
8.33,3082.0,0.48,1.0,1,1,6032.0,0,0.0,2,0.56,1.0,3
1.5,3542.0,0.49,0.0,1,1,3791.0,0,0.0,2,0.56,0.0,4
4.96,3476.0,0.14,1.0,1,0,3208.0,0,2.0,0,0.55,2.0,2
3.84,3072.0,0.54,1.0,1,0,4474.0,0,2.0,0,1.2,2.0,4
7.32,3091.0,0.13,0.0,0,0,4105.0,0,0.0,0,1.51,1.0,2
2.04,3130.0,0.31,0.0,0,1,4565.0,0,0.0,0,0.56,1.0,3
6.79,3616.0,0.48,0.0,1,1,7097.0,2,1.0,2,1.48,0.0,2
2.28,3113.0,0.13,2.0,0,0,4218.0,2,0.0,0,0.56,0.0,4
1.45,3479.0,0.35,2.0,0,0,4184.0,1,1.0,0,1.82,1.0,4
3.79,3084.0,0.42,1.0,0,1,4660.0,0,0.0,0,1.24,2.0,2
1.92,3096.0,0.45,2.0,1,1,4556.0,0,1.0,2,1.24,1.0,1
5.6,3482.0,0.51,1.0,1,0,4492.0,0,2.0,0,1.71,1.0,4
3.19,3090.0,0.52,0.0,0,0,3089.0,0,1.0,1,2.02,2.0,3
1.67,3483.0,0.46,0.0,0,1,7174.0,0,1.0,2,1.15,1.0,4
3.75,3145.0,0.44,2.0,1,0,3382.0,0,1.0,0,0.77,0.0,4
7.16,3583.0,0.54,0.0,1,1,6555.0,0,2.0,0,0.55,0.0,4
7.56,3474.0,0.26,0.0,0,0,6617.0,0,1.0,1,1.99,2.0,0
5.62,3190.0,0.17,1.0,0,0,4497.0,0,2.0,0,0.55,1.0,4
5.43,3087.0,0.14,0.0,1,0,7233.0,0,2.0,2,1.38,1.0,4
6.51,3560.0,0.19,2.0,0,1,3263.0,0,2.0,0,1.24,2.0,3
6.7,3071.0,0.57,1.0,0,0,3370.0,0,1.0,0,1.22,1.0,1
5.06,3103.0,0.48,1.0,0,0,3307.0,1,1.0,1,1.46,0.0,3
8.15,3083.0,0.5,2.0,0,1,7295.0,0,2.0,0,0.57,1.0,4
2.15,3070.0,0.51,1.0,0,0,6647.0,2,0.0,0,0.56,1.0,4
1.61,3143.0,0.53,1.0,0,0,6103.0,0,1.0,0,1.56,1.0,4
1.5,3075.0,0.37,1.0,0,0,6770.0,0,2.0,2,1.16,1.0,2
7.37,3071.0,0.13,2.0,1,1,5587.0,0,1.0,2,1.17,1.0,3
7.11,3301.0,0.18,1.0,0,0,7282.0,0,0.0,2,0.55,1.0,1
1.95,3124.0,0.13,1.0,0,0,7355.0,0,1.0,1,1.27,2.0,4
2.07,3477.0,0.45,1.0,0,0,4537.0,0,2.0,1,1.66,0.0,1
1.66,3469.0,0.2,2.0,0,1,4490.0,0,2.0,2,0.56,0.0,4
2.0,3096.0,0.22,2.0,0,1,4161.0,2,2.0,0,0.56,1.0,3
2.05,3076.0,0.48,1.0,1,0,4473.0,2,1.0,2,1.44,1.0,1
1.42,3508.0,0.66,2.0,0,1,6586.0,0,2.0,1,1.2,1.0,4
7.29,3490.0,0.13,1.0,0,0,4120.0,0,2.0,0,1.96,1.0,4
1.55,3093.0,0.56,0.0,1,0,4553.0,0,1.0,0,1.13,1.0,4
1.59,3087.0,0.14,2.0,0,0,7020.0,2,2.0,1,1.6,1.0,3
6.88,3467.0,0.41,2.0,1,1,7150.0,0,1.0,2,1.22,1.0,2
1.63,3484.0,0.46,2.0,1,0,3584.0,1,2.0,1,1.79,1.0,4
7.38,3468.0,0.36,0.0,0,0,6737.0,0,0.0,2,0.55,0.0,2
6.86,3126.0,0.5,0.0,0,0,5598.0,0,0.0,2,0.81,2.0,3
1.97,3082.0,0.43,1.0,0,1,6021.0,0,1.0,0,1.05,1.0,3
2.11,3185.0,0.67,1.0,1,0,5271.0,0,1.0,2,0.58,0.0,3
1.83,3142.0,0.44,2.0,1,0,5817.0,0,0.0,2,0.56,1.0,3
5.62,3510.0,0.52,1.0,0,0,5390.0,0,1.0,1,1.56,2.0,3
6.1,3092.0,0.13,0.0,0,0,4563.0,0,0.0,1,0.55,1.0,4
1.62,3073.0,0.52,0.0,0,1,7141.0,0,1.0,2,1.52,0.0,2
2.19,3146.0,0.46,0.0,1,1,4480.0,0,1.0,2,1.43,1.0,1
6.02,3478.0,0.18,1.0,0,0,4756.0,0,1.0,0,1.92,1.0,4
7.79,3473.0,0.22,1.0,0,1,3562.0,0,1.0,1,1.19,1.0,4
1.58,3114.0,0.13,1.0,0,1,3314.0,0,0.0,2,0.56,1.0,3
1.86,3074.0,0.14,0.0,0,0,4511.0,0,0.0,0,1.09,1.0,1
5.87,3559.0,0.48,1.0,1,1,3277.0,0,1.0,0,1.43,2.0,1
5.93,3074.0,0.13,1.0,0,1,7200.0,0,0.0,2,0.56,0.0,1
1.56,3102.0,0.52,2.0,1,0,3447.0,0,0.0,2,1.24,2.0,4
2.85,3478.0,0.6,0.0,0,1,7273.0,0,1.0,0,1.24,2.0,1
5.55,3116.0,0.14,1.0,0,0,7161.0,1,1.0,1,1.47,1.0,4
8.3,3239.0,0.46,0.0,0,0,3681.0,0,0.0,0,0.71,2.0,4
1.97,3113.0,0.52,2.0,1,0,4571.0,0,0.0,1,1.35,1.0,3
6.5,3206.0,0.13,2.0,1,1,4579.0,0,1.0,1,0.79,2.0,3
1.6,3521.0,0.14,1.0,0,0,5050.0,2,0.0,1,1.17,2.0,2
6.54,3075.0,0.63,0.0,0,1,3149.0,0,1.0,1,1.73,1.0,3
2.16,3144.0,0.51,1.0,0,1,3440.0,0,1.0,0,2.03,2.0,2
2.24,3084.0,0.14,2.0,0,0,7282.0,0,2.0,0,1.51,1.0,2
5.71,3097.0,0.21,0.0,1,0,6866.0,0,1.0,0,1.94,2.0,4
1.41,3075.0,0.51,0.0,1,0,3204.0,0,1.0,1,1.5,2.0,3
1.89,3085.0,0.53,2.0,0,1,3724.0,0,2.0,0,1.54,2.0,4
7.61,3081.0,0.14,0.0,1,1,3246.0,0,1.0,2,1.4,1.0,4
5.9,3125.0,0.13,1.0,1,1,6382.0,0,2.0,0,1.55,2.0,3
5.9,3378.0,0.28,1.0,1,1,7213.0,0,2.0,2,1.19,1.0,1
7.52,3106.0,0.48,1.0,0,1,5545.0,1,2.0,2,1.53,1.0,3
3.17,3540.0,0.14,1.0,0,1,4637.0,0,2.0,0,1.42,2.0,3
5.5,3414.0,0.45,1.0,1,1,7206.0,0,1.0,0,1.38,2.0,2
6.79,3072.0,0.13,1.0,0,1,3235.0,0,1.0,1,1.84,0.0,3
1.6,3087.0,0.51,2.0,1,1,4500.0,0,0.0,1,1.91,0.0,3
2.31,3076.0,0.14,0.0,0,0,7211.0,0,1.0,1,1.17,0.0,0
1.54,3273.0,0.31,0.0,1,1,5822.0,0,2.0,2,1.27,1.0,0
1.74,3424.0,0.52,2.0,1,0,4628.0,0,0.0,0,0.56,2.0,4
8.28,3135.0,0.21,2.0,1,0,4462.0,0,1.0,2,1.85,1.0,3
5.13,3103.0,0.65,0.0,0,1,6898.0,0,1.0,2,1.96,1.0,0
8.01,3497.0,0.14,1.0,0,0,3179.0,1,1.0,1,0.79,2.0,4
7.53,3137.0,0.13,0.0,1,1,7336.0,1,1.0,2,0.63,0.0,4
5.53,3465.0,0.13,1.0,0,0,3383.0,1,0.0,2,1.11,2.0,4
1.44,3076.0,0.52,1.0,1,1,4885.0,0,1.0,2,1.77,1.0,3
5.48,3131.0,0.34,2.0,1,0,3003.0,0,2.0,1,1.19,1.0,1
2.26,3472.0,0.14,0.0,0,0,3832.0,1,1.0,1,0.95,1.0,4
6.84,3144.0,0.15,0.0,0,0,4498.0,0,1.0,2,1.82,2.0,4
1.61,3481.0,0.42,0.0,0,1,4893.0,0,2.0,1,0.66,1.0,4
5.56,3591.0,0.47,0.0,1,0,5296.0,0,0.0,0,0.55,2.0,4
3.9,3069.0,0.51,1.0,1,0,3289.0,2,2.0,2,1.97,2.0,1
1.43,3069.0,0.13,0.0,0,1,3608.0,0,2.0,0,0.73,0.0,4
6.38,3070.0,0.46,0.0,0,0,7066.0,0,0.0,0,0.59,0.0,1
1.48,3070.0,0.64,1.0,1,0,4503.0,2,1.0,2,0.8,1.0,4
6.41,3174.0,0.46,2.0,0,0,4397.0,0,0.0,1,0.55,2.0,2
1.62,3481.0,0.19,0.0,0,0,3008.0,0,1.0,1,2.07,1.0,3
6.97,3092.0,0.13,1.0,1,0,4666.0,1,1.0,0,1.61,2.0,4
1.46,3071.0,0.58,1.0,0,0,7297.0,0,2.0,0,0.66,1.0,1
1.47,3099.0,0.13,1.0,1,1,7184.0,0,0.0,2,1.56,1.0,4
1.48,3519.0,0.65,0.0,1,0,4332.0,0,1.0,2,1.25,2.0,4
1.47,3258.0,0.52,2.0,0,0,7234.0,0,2.0,0,1.88,2.0,2
1.54,3077.0,0.51,1.0,1,1,6709.0,0,1.0,2,1.6,1.0,4
7.83,3507.0,0.13,2.0,1,1,7127.0,0,0.0,1,0.56,1.0,3
5.46,3096.0,0.13,2.0,1,0,7181.0,2,1.0,2,1.49,2.0,1
6.92,3262.0,0.13,2.0,1,1,5467.0,0,2.0,1,1.31,2.0,3
1.65,3150.0,0.51,0.0,0,0,3372.0,0,2.0,1,1.74,2.0,3
5.68,3166.0,0.5,2.0,0,0,7268.0,0,0.0,0,0.56,1.0,1
1.9,3083.0,0.13,2.0,0,1,3625.0,1,1.0,0,1.42,1.0,2
7.99,3079.0,0.54,0.0,0,0,3751.0,0,2.0,1,0.57,1.0,0
6.51,3121.0,0.34,1.0,1,1,3131.0,0,2.0,0,0.55,2.0,3
1.61,3476.0,0.13,2.0,1,0,3879.0,0,1.0,0,1.05,1.0,4
1.5,3540.0,0.14,1.0,1,1,4884.0,0,1.0,1,1.16,0.0,2
1.43,3106.0,0.25,2.0,0,0,5401.0,1,1.0,0,2.03,0.0,1
1.65,3482.0,0.52,1.0,1,1,3531.0,0,2.0,2,0.55,2.0,4
6.84,3074.0,0.51,0.0,0,1,4578.0,0,0.0,1,1.26,2.0,4
7.03,3342.0,0.25,0.0,0,0,6622.0,0,2.0,1,1.87,0.0,3
7.22,3134.0,0.33,0.0,1,1,3532.0,0,1.0,1,1.8,0.0,1
5.14,3522.0,0.13,2.0,1,0,6177.0,0,1.0,0,0.93,0.0,2
1.78,3611.0,0.55,0.0,0,0,3366.0,0,0.0,0,0.84,1.0,4
2.1,3099.0,0.53,0.0,1,0,3312.0,0,2.0,1,0.56,2.0,2
1.66,3171.0,0.21,0.0,0,0,4525.0,0,1.0,1,1.27,1.0,1
1.44,3157.0,0.48,0.0,1,0,3425.0,0,0.0,2,0.98,1.0,4
1.53,3202.0,0.28,2.0,1,0,6080.0,0,0.0,1,1.7,2.0,3
1.66,3077.0,0.14,0.0,1,0,3910.0,0,1.0,1,1.28,1.0,0
1.84,3103.0,0.51,1.0,1,0,4223.0,0,0.0,1,1.66,0.0,0
7.72,3469.0,0.13,0.0,1,1,3035.0,0,1.0,0,1.44,1.0,1
6.27,3112.0,0.27,0.0,1,0,7338.0,0,1.0,1,1.94,1.0,0
4.23,3490.0,0.52,0.0,0,0,3934.0,0,2.0,0,2.01,0.0,4
4.19,3091.0,0.16,2.0,1,1,4533.0,2,1.0,1,1.97,0.0,3
1.57,3075.0,0.13,2.0,0,0,7160.0,0,1.0,2,1.29,0.0,4
1.44,3474.0,0.14,1.0,0,1,4175.0,0,1.0,2,1.6,1.0,3
1.54,3463.0,0.5,0.0,1,1,6958.0,0,0.0,0,0.58,1.0,0
2.23,3143.0,0.33,0.0,0,0,7322.0,0,1.0,0,1.51,1.0,4
2.11,3106.0,0.52,0.0,0,0,4508.0,0,0.0,0,0.55,2.0,4
5.63,3098.0,0.3,2.0,1,0,6497.0,0,0.0,1,0.6,1.0,3
7.84,3078.0,0.46,0.0,1,1,3019.0,0,0.0,2,2.03,1.0,1
5.43,3113.0,0.52,0.0,0,1,6534.0,0,1.0,2,1.55,2.0,2
1.48,3487.0,0.14,0.0,0,0,7290.0,0,0.0,0,2.05,1.0,4
7.02,3149.0,0.13,0.0,1,0,3029.0,0,0.0,1,0.73,0.0,3
6.3,3487.0,0.14,2.0,0,1,4514.0,1,1.0,2,1.45,1.0,4
1.62,3071.0,0.13,2.0,1,0,6447.0,0,1.0,0,0.94,2.0,4
4.01,3481.0,0.52,0.0,1,0,7299.0,1,1.0,2,1.61,1.0,4
6.3,3130.0,0.14,1.0,1,0,5681.0,0,1.0,0,1.23,1.0,4
2.77,3073.0,0.23,2.0,0,1,4484.0,1,2.0,1,1.27,2.0,3
1.8,3132.0,0.51,1.0,1,1,3045.0,0,1.0,2,1.42,0.0,4
4.62,3422.0,0.45,1.0,1,0,7354.0,0,2.0,2,1.95,0.0,2
2.33,3501.0,0.46,1.0,1,0,7165.0,0,0.0,0,0.55,0.0,4
1.72,3246.0,0.15,0.0,0,0,3056.0,0,0.0,2,1.36,1.0,1
1.52,3332.0,0.13,2.0,0,0,3321.0,0,0.0,1,1.32,1.0,3
1.88,3147.0,0.13,1.0,0,0,3109.0,0,1.0,0,1.28,1.0,4
1.44,3346.0,0.6,1.0,0,1,5808.0,0,0.0,2,0.55,0.0,3
1.48,3115.0,0.58,0.0,0,0,4524.0,0,1.0,1,1.65,0.0,1
7.49,3569.0,0.42,1.0,1,1,7332.0,0,1.0,0,1.53,2.0,3
6.31,3073.0,0.14,2.0,0,1,4774.0,0,2.0,2,1.5,1.0,3
2.47,3554.0,0.14,0.0,0,0,4193.0,1,1.0,0,1.6,1.0,2
6.7,3467.0,0.2,2.0,0,1,4568.0,0,1.0,0,1.78,0.0,3
1.58,3483.0,0.48,0.0,0,1,6745.0,1,0.0,0,0.87,0.0,2
1.47,3084.0,0.14,2.0,0,0,5128.0,0,1.0,0,1.42,1.0,4
6.47,3118.0,0.31,1.0,0,0,3055.0,0,1.0,0,1.95,0.0,4
7.2,3267.0,0.61,0.0,1,0,7190.0,1,0.0,1,0.56,1.0,4
1.91,3114.0,0.14,2.0,0,1,4561.0,0,0.0,2,0.56,0.0,4
1.59,3489.0,0.52,1.0,0,0,6123.0,0,0.0,0,0.6,1.0,4
5.61,3463.0,0.45,2.0,0,1,4585.0,0,0.0,0,0.58,1.0,3
5.61,3170.0,0.13,0.0,0,0,3305.0,0,0.0,2,1.99,1.0,4
5.52,3497.0,0.64,2.0,1,1,6630.0,0,0.0,1,0.55,2.0,3
1.9,3452.0,0.44,0.0,1,1,4584.0,0,2.0,1,0.56,0.0,1
1.63,3322.0,0.44,2.0,1,1,6848.0,0,1.0,1,1.23,0.0,4
2.06,3070.0,0.34,1.0,0,0,3268.0,0,0.0,0,0.57,2.0,2
7.84,3069.0,0.53,0.0,0,0,6849.0,0,1.0,0,1.36,2.0,4
1.94,3466.0,0.61,1.0,0,1,5327.0,0,0.0,2,1.57,1.0,3
5.58,3496.0,0.45,0.0,0,1,5984.0,0,1.0,0,1.26,1.0,3
7.0,3587.0,0.49,0.0,1,1,4199.0,0,1.0,2,1.21,1.0,4
5.64,3483.0,0.27,1.0,1,0,4501.0,0,0.0,0,0.56,1.0,4
1.66,3147.0,0.54,1.0,0,0,6451.0,1,0.0,1,1.51,2.0,4
1.51,3128.0,0.13,1.0,1,0,5703.0,0,1.0,1,1.57,1.0,4
5.63,3462.0,0.14,2.0,0,1,7328.0,1,0.0,1,1.79,1.0,0
1.51,3134.0,0.14,1.0,0,1,6659.0,0,1.0,0,1.21,2.0,3
7.85,3073.0,0.53,1.0,0,1,6628.0,0,0.0,0,1.85,1.0,2
1.62,3306.0,0.52,2.0,0,1,7188.0,0,1.0,1,1.34,1.0,0
2.51,3535.0,0.49,1.0,1,1,3334.0,0,0.0,0,1.98,1.0,2
1.66,3141.0,0.14,2.0,0,1,3267.0,0,1.0,2,1.59,2.0,3
1.78,3476.0,0.13,2.0,1,1,3025.0,0,0.0,0,1.15,2.0,4
5.47,3488.0,0.47,2.0,0,1,3319.0,2,2.0,1,0.89,1.0,3
1.57,3086.0,0.54,1.0,1,0,4012.0,0,1.0,1,1.24,2.0,0
7.3,3103.0,0.52,0.0,0,0,4295.0,0,2.0,0,1.67,1.0,2
1.65,3476.0,0.46,1.0,1,1,6410.0,0,1.0,0,1.46,1.0,2
5.9,3625.0,0.3,0.0,0,0,6782.0,1,1.0,1,0.56,2.0,0
8.02,3262.0,0.55,2.0,0,1,6063.0,0,1.0,1,1.96,1.0,3
6.76,3086.0,0.44,0.0,0,0,4185.0,0,2.0,1,1.87,1.0,3
4.25,3472.0,0.42,1.0,1,1,3657.0,0,0.0,1,0.56,0.0,4
7.88,3146.0,0.53,1.0,1,0,5084.0,0,0.0,0,0.67,1.0,4
3.24,3485.0,0.66,2.0,0,0,7325.0,0,1.0,1,1.97,2.0,1
2.94,3542.0,0.51,2.0,0,0,6669.0,0,2.0,0,0.56,2.0,1
7.37,3137.0,0.39,2.0,1,0,4999.0,0,2.0,2,1.66,1.0,3
1.99,3079.0,0.65,2.0,0,1,5535.0,0,0.0,0,0.56,1.0,4
1.56,3103.0,0.59,0.0,0,0,6426.0,0,1.0,0,0.6,1.0,1
3.07,3288.0,0.13,1.0,0,0,6720.0,0,1.0,0,1.47,0.0,1
1.59,3472.0,0.35,0.0,0,0,7267.0,0,1.0,2,0.55,1.0,4
5.62,3487.0,0.48,1.0,0,0,3264.0,0,0.0,0,0.8,2.0,2
6.54,3133.0,0.14,1.0,0,0,3885.0,0,0.0,1,0.56,1.0,1
2.22,3250.0,0.25,2.0,1,0,4027.0,0,1.0,2,1.98,1.0,4
1.91,3552.0,0.5,0.0,0,0,6987.0,0,0.0,2,0.64,1.0,2
7.18,3266.0,0.48,1.0,0,1,3684.0,0,0.0,1,0.56,1.0,2
6.8,3134.0,0.48,1.0,1,0,3412.0,0,1.0,0,1.54,1.0,4
5.52,3089.0,0.53,0.0,1,1,3437.0,0,0.0,0,1.57,1.0,1
5.55,3537.0,0.48,1.0,0,1,3048.0,2,0.0,1,1.11,1.0,3
5.55,3140.0,0.41,1.0,1,1,4888.0,0,1.0,1,0.56,1.0,4
1.46,3123.0,0.44,1.0,0,1,6318.0,0,2.0,0,1.07,1.0,3
1.57,3147.0,0.49,1.0,1,1,3580.0,0,0.0,2,0.55,2.0,2
5.61,3149.0,0.31,0.0,0,0,7318.0,0,0.0,1,1.62,1.0,4
1.66,3256.0,0.44,1.0,0,1,6428.0,1,2.0,1,0.76,1.0,3
1.49,3076.0,0.13,2.0,1,0,3079.0,0,0.0,2,2.04,0.0,1
1.5,3316.0,0.38,1.0,0,1,6557.0,0,1.0,1,1.99,1.0,3
4.73,3501.0,0.47,2.0,1,0,4075.0,0,1.0,2,1.51,0.0,2
8.2,3105.0,0.14,1.0,1,1,7102.0,1,0.0,2,0.56,1.0,2
5.48,3618.0,0.53,1.0,1,0,3976.0,0,2.0,0,1.83,1.0,4
1.52,3073.0,0.53,0.0,1,1,6587.0,0,1.0,2,1.57,0.0,1
7.76,3474.0,0.34,1.0,1,0,6258.0,0,2.0,0,0.56,1.0,1
2.21,3074.0,0.53,0.0,0,0,5784.0,1,1.0,0,1.67,1.0,4
4.89,3490.0,0.53,0.0,0,1,3087.0,0,1.0,1,1.35,2.0,3
1.63,3518.0,0.15,0.0,1,1,6987.0,0,2.0,2,0.56,1.0,1
7.07,3617.0,0.47,1.0,0,0,3196.0,0,2.0,2,1.91,2.0,1
1.8,3188.0,0.44,1.0,0,1,6356.0,0,2.0,1,1.69,1.0,3
1.48,3481.0,0.13,0.0,0,0,3364.0,0,2.0,0,1.87,1.0,4
1.5,3464.0,0.38,0.0,1,1,4063.0,0,2.0,1,1.16,1.0,1
6.73,3477.0,0.58,0.0,0,0,7289.0,0,1.0,0,0.57,1.0,4
7.73,3072.0,0.59,2.0,1,1,7249.0,0,0.0,1,1.15,1.0,0
1.5,3575.0,0.15,2.0,0,0,7105.0,0,0.0,0,0.56,2.0,2
2.07,3117.0,0.13,0.0,1,0,4538.0,0,1.0,1,1.35,1.0,1
1.46,3473.0,0.43,1.0,1,0,6403.0,0,2.0,2,1.72,0.0,2
7.59,3267.0,0.37,2.0,1,0,7178.0,0,2.0,0,0.59,2.0,4
1.78,3107.0,0.44,2.0,0,1,3972.0,1,0.0,0,0.59,1.0,3
1.43,3469.0,0.44,0.0,0,0,7360.0,0,2.0,2,0.64,1.0,1
5.49,3098.0,0.13,1.0,0,1,4569.0,1,1.0,2,0.94,1.0,1
1.93,3081.0,0.2,0.0,1,0,4340.0,2,2.0,0,1.2,0.0,4
1.92,3473.0,0.47,1.0,0,1,4281.0,0,0.0,0,1.2,0.0,1
1.52,3364.0,0.48,0.0,0,0,3823.0,0,2.0,0,1.03,0.0,4
1.56,3079.0,0.64,2.0,0,0,6334.0,2,0.0,0,1.96,2.0,4
5.56,3164.0,0.65,0.0,1,0,3178.0,0,0.0,2,1.02,1.0,1
1.45,3124.0,0.48,0.0,0,1,5581.0,0,0.0,0,0.98,1.0,4
1.69,3585.0,0.54,0.0,0,1,5408.0,0,0.0,0,1.57,1.0,4
5.65,3460.0,0.55,2.0,1,0,4755.0,1,1.0,0,1.77,1.0,4
2.05,3476.0,0.46,2.0,0,1,7304.0,2,0.0,0,0.55,0.0,3
6.22,3467.0,0.49,1.0,1,0,5782.0,0,1.0,0,1.39,1.0,4
1.59,3150.0,0.56,0.0,0,0,4144.0,1,0.0,2,0.56,1.0,2
6.21,3106.0,0.5,1.0,0,1,5421.0,0,1.0,2,0.59,1.0,4
1.62,3076.0,0.22,1.0,0,1,3629.0,0,0.0,0,0.6,1.0,1
4.72,3095.0,0.13,0.0,1,0,3007.0,0,1.0,1,1.45,0.0,3
4.29,3553.0,0.19,1.0,1,1,4563.0,2,0.0,0,1.73,0.0,2
3.93,3482.0,0.13,1.0,1,0,4218.0,0,1.0,0,1.16,0.0,4
1.62,3135.0,0.13,0.0,1,1,7174.0,0,1.0,2,1.46,1.0,1
1.97,3084.0,0.6,0.0,0,0,3016.0,0,1.0,1,1.01,1.0,3
1.9,3084.0,0.52,0.0,1,0,4593.0,0,1.0,0,1.51,1.0,4
1.63,3482.0,0.65,0.0,0,0,7173.0,0,1.0,2,1.77,0.0,4
5.75,3466.0,0.67,2.0,0,1,5178.0,0,0.0,2,2.03,2.0,3
1.58,3071.0,0.13,0.0,1,0,7218.0,0,1.0,0,1.92,1.0,4
1.55,3132.0,0.19,0.0,0,1,3202.0,0,0.0,2,0.58,2.0,1
2.41,3077.0,0.37,2.0,1,0,3536.0,0,1.0,2,0.6,0.0,4
1.45,3106.0,0.43,0.0,1,0,4485.0,0,0.0,1,1.16,0.0,4
6.36,3489.0,0.33,1.0,0,1,6316.0,0,1.0,0,1.22,0.0,3
1.45,3106.0,0.13,2.0,1,0,6729.0,0,1.0,1,1.47,1.0,3
1.42,3071.0,0.14,1.0,0,0,7237.0,2,0.0,0,0.74,0.0,4
1.53,3086.0,0.52,1.0,0,1,5680.0,2,1.0,2,1.49,1.0,3
5.44,3572.0,0.15,0.0,1,1,7022.0,0,2.0,1,1.76,1.0,4
2.02,3397.0,0.13,0.0,0,1,7028.0,0,0.0,2,1.19,1.0,2
5.56,3146.0,0.53,1.0,0,0,6601.0,0,0.0,0,1.42,1.0,4
1.6,3342.0,0.5,1.0,1,1,3229.0,2,1.0,0,1.38,1.0,2
2.13,3542.0,0.3,1.0,0,0,7212.0,0,0.0,0,1.36,0.0,1
7.08,3129.0,0.13,2.0,1,0,6406.0,0,2.0,1,1.42,1.0,4
5.56,3156.0,0.46,2.0,0,0,7290.0,0,0.0,0,1.24,1.0,1
6.74,3130.0,0.52,1.0,0,0,7045.0,1,0.0,0,0.55,2.0,4
4.92,3076.0,0.49,1.0,0,1,5921.0,0,0.0,2,0.98,0.0,3
5.67,3172.0,0.51,1.0,0,0,4595.0,0,1.0,0,1.95,1.0,1
6.85,3463.0,0.46,2.0,1,0,4533.0,0,0.0,0,0.93,1.0,1
7.92,3437.0,0.61,2.0,0,1,6000.0,0,2.0,0,0.58,1.0,3
6.12,3149.0,0.46,2.0,0,0,6983.0,1,0.0,1,0.65,2.0,0
6.84,3081.0,0.27,2.0,0,1,7362.0,0,1.0,0,0.55,0.0,4
5.63,3071.0,0.14,2.0,0,1,7302.0,0,1.0,1,1.18,1.0,0
1.56,3489.0,0.13,0.0,1,1,5435.0,0,2.0,1,0.56,1.0,4
6.13,3256.0,0.14,1.0,0,1,5764.0,2,0.0,2,0.56,1.0,3
6.67,3508.0,0.37,0.0,0,1,7160.0,0,2.0,0,0.71,1.0,1
1.41,3165.0,0.19,1.0,0,0,4561.0,0,0.0,0,0.57,1.0,2
8.19,3130.0,0.53,1.0,1,0,5791.0,0,2.0,1,1.63,1.0,4
1.64,3070.0,0.14,1.0,0,0,5911.0,0,2.0,0,1.42,0.0,1
1.51,3128.0,0.23,0.0,0,0,4504.0,0,0.0,2,0.56,1.0,1
6.81,3433.0,0.13,2.0,0,1,4883.0,1,0.0,1,0.55,1.0,1
7.78,3476.0,0.49,2.0,1,1,4075.0,0,1.0,0,1.15,0.0,3
1.53,3480.0,0.32,0.0,1,0,7227.0,0,2.0,2,0.55,1.0,1
2.09,3558.0,0.53,0.0,0,0,7247.0,0,2.0,0,1.83,1.0,4
2.05,3069.0,0.14,0.0,0,0,4548.0,0,1.0,0,1.28,1.0,4
1.7,3511.0,0.46,2.0,1,0,4512.0,2,0.0,2,0.56,1.0,4
5.59,3424.0,0.52,1.0,0,1,3130.0,0,2.0,0,1.3,1.0,1
1.58,3314.0,0.52,1.0,1,0,3684.0,0,2.0,1,0.55,1.0,2
1.58,3072.0,0.16,0.0,1,1,7315.0,0,0.0,1,0.55,1.0,1
7.95,3128.0,0.52,0.0,0,0,4449.0,0,1.0,0,1.35,1.0,4
6.26,3111.0,0.49,0.0,0,0,3830.0,0,1.0,2,1.41,1.0,4
1.41,3133.0,0.39,1.0,1,0,6891.0,0,2.0,0,1.88,2.0,2
5.51,3111.0,0.26,0.0,0,0,7358.0,1,0.0,1,0.57,2.0,0
8.0,3111.0,0.33,0.0,0,0,3749.0,0,1.0,1,1.89,0.0,1
1.42,3094.0,0.13,0.0,0,1,7244.0,0,0.0,0,1.15,1.0,1
1.59,3074.0,0.14,1.0,0,1,6982.0,0,0.0,1,0.56,1.0,3
5.55,3151.0,0.47,1.0,0,0,3275.0,0,1.0,2,0.6,1.0,4
8.0,3380.0,0.14,0.0,0,0,6246.0,1,1.0,1,1.29,1.0,0
8.37,3230.0,0.39,1.0,0,0,7169.0,0,1.0,2,1.17,1.0,1
5.8,3206.0,0.29,2.0,0,0,4587.0,2,0.0,2,0.56,1.0,4
5.48,3070.0,0.49,2.0,1,1,6753.0,0,1.0,2,1.16,1.0,2
6.64,3085.0,0.42,0.0,0,0,6674.0,0,1.0,1,1.18,2.0,0
5.56,3496.0,0.47,2.0,1,1,5971.0,0,0.0,1,0.56,2.0,1
5.64,3110.0,0.36,0.0,0,0,3093.0,0,1.0,1,2.07,1.0,3
1.92,3270.0,0.13,0.0,0,0,4035.0,0,2.0,0,1.33,1.0,4
1.8,3446.0,0.13,1.0,1,0,5590.0,2,2.0,1,1.57,1.0,1
1.46,3075.0,0.5,0.0,0,1,7157.0,0,0.0,2,1.04,1.0,1
7.08,3463.0,0.54,2.0,0,1,4511.0,0,2.0,1,0.56,1.0,3
1.44,3144.0,0.13,0.0,1,0,6426.0,0,1.0,2,1.28,1.0,2
1.73,3122.0,0.63,2.0,0,0,6732.0,0,2.0,1,1.16,1.0,4
7.66,3078.0,0.13,1.0,1,0,4563.0,0,1.0,2,0.96,2.0,4
2.17,3464.0,0.46,0.0,0,0,4544.0,0,1.0,1,1.36,2.0,1
1.59,3134.0,0.14,1.0,0,0,3023.0,0,0.0,0,0.84,1.0,2
1.46,3467.0,0.4,0.0,0,0,3525.0,0,0.0,1,2.03,1.0,4
1.46,3615.0,0.43,2.0,0,1,3353.0,0,0.0,2,0.58,0.0,2
5.43,3124.0,0.38,0.0,1,0,7341.0,0,0.0,1,0.6,1.0,4
2.24,3464.0,0.47,1.0,1,1,5837.0,0,2.0,1,0.7,1.0,0
1.7,3073.0,0.25,1.0,0,0,3087.0,0,1.0,0,0.55,1.0,4
6.19,3092.0,0.51,2.0,0,1,3286.0,0,1.0,1,1.8,0.0,3
1.46,3478.0,0.31,1.0,1,1,4373.0,0,0.0,2,1.52,1.0,4
1.52,3113.0,0.31,2.0,0,1,5322.0,0,0.0,2,1.26,1.0,2
3.97,3084.0,0.53,2.0,1,0,7349.0,0,2.0,0,1.92,0.0,1
1.57,3103.0,0.63,0.0,1,1,3347.0,0,1.0,2,1.01,1.0,4
1.73,3476.0,0.34,0.0,1,0,7189.0,0,0.0,0,0.59,2.0,4
2.24,3513.0,0.36,2.0,1,0,7183.0,0,1.0,2,0.6,2.0,4
1.58,3469.0,0.38,1.0,1,0,3010.0,0,2.0,2,0.55,1.0,4
8.26,3183.0,0.66,2.0,0,1,3338.0,1,0.0,2,1.45,1.0,1
2.98,3183.0,0.14,1.0,1,1,3677.0,0,1.0,1,0.95,0.0,2
7.11,3483.0,0.14,1.0,1,1,4185.0,1,2.0,2,0.58,0.0,4
5.56,3411.0,0.21,0.0,0,1,5734.0,0,0.0,1,1.12,1.0,4
1.9,3252.0,0.53,0.0,0,0,3238.0,0,1.0,2,0.8,2.0,4
6.51,3483.0,0.42,0.0,1,1,7171.0,1,1.0,1,1.18,2.0,0
1.6,3470.0,0.22,2.0,1,1,4207.0,0,1.0,2,1.92,1.0,4
1.43,3475.0,0.5,2.0,0,1,4498.0,0,0.0,0,0.55,1.0,3
5.52,3092.0,0.51,0.0,1,1,4472.0,0,0.0,2,0.56,1.0,4
1.72,3143.0,0.56,2.0,0,1,5685.0,0,2.0,0,1.25,1.0,3
3.25,3476.0,0.39,1.0,0,0,4480.0,0,0.0,0,0.58,2.0,4
1.48,3198.0,0.49,1.0,1,0,4139.0,0,0.0,0,1.17,0.0,4
6.71,3557.0,0.13,1.0,0,0,3590.0,1,1.0,2,0.6,0.0,4
5.63,3086.0,0.52,0.0,1,0,3125.0,0,0.0,0,1.95,1.0,4
1.46,3478.0,0.14,2.0,0,0,6426.0,0,1.0,2,1.16,1.0,2
6.76,3074.0,0.27,2.0,1,1,7165.0,0,0.0,0,0.56,2.0,3
2.29,3087.0,0.25,0.0,1,1,3361.0,0,2.0,2,1.2,1.0,1
1.43,3075.0,0.46,2.0,0,0,3218.0,0,1.0,0,0.96,1.0,2
5.46,3466.0,0.14,0.0,0,1,3190.0,0,0.0,0,1.26,1.0,1
3.43,3562.0,0.48,1.0,0,0,5550.0,2,0.0,0,0.61,2.0,2
1.49,3487.0,0.15,1.0,0,0,6583.0,0,0.0,0,1.74,0.0,1
1.81,3109.0,0.47,1.0,0,0,3608.0,0,1.0,1,1.4,1.0,1
4.48,3152.0,0.49,1.0,0,1,7203.0,0,0.0,0,1.98,0.0,3
6.53,3113.0,0.47,2.0,0,1,6044.0,0,2.0,2,1.37,2.0,3
4.85,3550.0,0.46,1.0,0,1,7299.0,0,0.0,0,1.04,2.0,3
8.08,3074.0,0.14,0.0,0,1,3044.0,0,1.0,0,1.55,1.0,1
5.52,3478.0,0.44,1.0,1,0,3783.0,0,0.0,2,0.56,1.0,4
8.28,3395.0,0.27,1.0,0,0,3817.0,0,1.0,0,1.65,1.0,1
1.63,3121.0,0.45,0.0,1,0,4592.0,1,2.0,1,0.78,0.0,1
3.55,3487.0,0.53,2.0,1,1,3244.0,0,0.0,0,1.89,2.0,4
4.78,3244.0,0.13,1.0,1,0,7338.0,0,0.0,0,0.56,0.0,4
7.99,3121.0,0.41,2.0,1,1,6582.0,0,2.0,1,2.01,0.0,3
2.11,3242.0,0.42,0.0,1,0,3241.0,1,0.0,2,0.55,2.0,4
1.59,3416.0,0.58,1.0,0,0,7238.0,0,0.0,2,1.73,1.0,4
1.53,3451.0,0.54,2.0,0,0,4482.0,1,0.0,1,1.52,1.0,0
5.51,3594.0,0.5,1.0,0,1,4836.0,0,0.0,1,1.08,2.0,2
6.3,3136.0,0.17,2.0,0,0,7242.0,0,2.0,2,0.56,0.0,4
2.15,3474.0,0.13,0.0,1,1,4534.0,0,0.0,0,1.41,1.0,2
1.46,3076.0,0.41,0.0,0,0,7339.0,0,1.0,1,0.69,1.0,4
1.45,3132.0,0.55,0.0,0,1,7174.0,0,1.0,0,1.38,1.0,1
2.22,3119.0,0.13,2.0,0,0,3255.0,0,1.0,0,1.25,1.0,4
7.5,3138.0,0.14,1.0,1,0,3422.0,0,1.0,2,1.88,1.0,4
1.42,3481.0,0.57,0.0,0,1,5389.0,0,0.0,1,1.41,1.0,4
6.92,3267.0,0.66,2.0,1,1,7258.0,0,1.0,2,0.6,0.0,4
5.61,3113.0,0.53,0.0,1,0,4563.0,0,0.0,0,0.58,1.0,4
1.5,3072.0,0.14,0.0,0,0,4899.0,2,2.0,0,1.46,2.0,2
3.35,3082.0,0.4,1.0,0,1,6818.0,0,2.0,2,0.98,0.0,2
5.56,3403.0,0.22,0.0,1,0,3297.0,0,0.0,2,1.87,2.0,1
1.54,3484.0,0.51,2.0,1,1,3426.0,0,1.0,0,1.73,1.0,4
1.92,3447.0,0.49,2.0,0,0,4541.0,1,0.0,2,0.56,1.0,4
1.59,3593.0,0.5,1.0,0,1,6757.0,0,2.0,0,1.1,2.0,2
2.38,3122.0,0.24,1.0,0,1,4522.0,0,2.0,1,0.58,2.0,2
1.7,3069.0,0.14,1.0,1,0,7299.0,0,0.0,1,0.55,1.0,4
7.16,3463.0,0.54,1.0,0,0,3328.0,0,1.0,0,0.71,1.0,1
5.53,3400.0,0.66,2.0,0,0,7215.0,0,0.0,1,1.88,1.0,4
6.03,3574.0,0.22,2.0,0,1,3326.0,0,1.0,2,1.53,1.0,4
5.62,3499.0,0.47,1.0,0,1,3060.0,0,1.0,0,1.37,1.0,3
8.28,3073.0,0.13,2.0,0,0,3310.0,0,1.0,2,1.19,1.0,1
2.43,3537.0,0.48,1.0,1,0,5988.0,0,2.0,0,1.99,2.0,4
1.55,3074.0,0.38,2.0,1,1,4942.0,0,0.0,2,1.69,1.0,3
4.65,3245.0,0.3,0.0,0,1,3935.0,0,0.0,0,2.05,0.0,3
3.46,3502.0,0.41,0.0,0,1,5979.0,0,2.0,1,1.8,2.0,4
1.57,3489.0,0.52,0.0,0,0,7196.0,0,1.0,0,1.63,1.0,1
1.9,3091.0,0.19,2.0,1,1,5866.0,0,1.0,1,1.79,1.0,3
3.89,3178.0,0.56,2.0,1,0,7315.0,0,2.0,1,0.55,1.0,0
5.0,3108.0,0.44,0.0,1,0,7360.0,0,1.0,1,1.2,0.0,4
7.53,3148.0,0.47,2.0,0,0,7233.0,0,1.0,0,1.3,2.0,4
6.68,3135.0,0.2,0.0,1,0,7284.0,0,1.0,1,0.73,1.0,4
1.96,3127.0,0.65,1.0,1,0,4551.0,0,1.0,2,0.6,1.0,4
2.45,3444.0,0.2,1.0,0,0,3081.0,0,2.0,2,0.55,0.0,4
6.78,3559.0,0.52,2.0,0,1,6537.0,0,2.0,2,0.55,1.0,2
1.42,3069.0,0.43,0.0,0,1,4441.0,0,0.0,0,0.55,2.0,1
2.02,3489.0,0.66,1.0,0,1,6144.0,0,0.0,1,1.79,1.0,4
7.81,3480.0,0.14,0.0,1,0,3242.0,0,2.0,0,1.46,1.0,1
5.58,3623.0,0.13,0.0,0,0,4528.0,0,1.0,2,1.1,0.0,4
1.55,3145.0,0.41,2.0,0,0,4606.0,0,2.0,2,0.56,1.0,3
2.21,3500.0,0.52,0.0,0,1,3955.0,1,1.0,2,0.58,0.0,2
2.78,3466.0,0.53,2.0,1,1,4846.0,0,0.0,1,2.0,0.0,3
5.63,3469.0,0.28,1.0,0,0,4512.0,2,1.0,2,0.55,2.0,4
6.84,3514.0,0.58,1.0,1,1,4515.0,0,1.0,1,0.6,0.0,4
6.68,3555.0,0.4,1.0,1,1,6587.0,0,2.0,1,1.91,2.0,4
2.04,3490.0,0.49,0.0,1,1,3164.0,0,1.0,2,1.61,2.0,4
2.05,3124.0,0.52,1.0,1,0,4599.0,0,0.0,1,1.53,1.0,4
8.35,3084.0,0.6,1.0,1,1,5946.0,0,2.0,0,0.57,2.0,1
6.62,3462.0,0.4,2.0,0,1,3345.0,0,2.0,1,0.55,1.0,2
2.24,3126.0,0.14,0.0,0,0,4433.0,0,2.0,2,1.4,1.0,4
8.37,3552.0,0.52,2.0,0,0,4508.0,2,0.0,2,0.55,2.0,4
6.17,3487.0,0.34,0.0,0,0,7203.0,0,0.0,0,0.56,1.0,1
5.52,3490.0,0.39,1.0,0,1,4153.0,2,1.0,1,1.15,1.0,4
1.73,3196.0,0.5,1.0,1,0,3910.0,0,0.0,0,1.26,0.0,4
1.74,3082.0,0.17,0.0,1,0,4539.0,1,1.0,0,0.98,2.0,4
2.88,3076.0,0.43,2.0,0,1,7185.0,1,1.0,1,1.15,1.0,4
1.93,3469.0,0.13,0.0,1,0,7328.0,0,1.0,2,1.2,1.0,4
7.29,3476.0,0.13,0.0,1,1,5691.0,2,1.0,1,1.16,1.0,1
7.96,3456.0,0.51,2.0,0,1,3348.0,1,0.0,1,2.06,0.0,3
8.14,3471.0,0.61,0.0,0,1,6366.0,0,2.0,0,0.56,1.0,3
1.61,3088.0,0.4,0.0,0,0,4042.0,0,1.0,0,0.59,1.0,2
7.17,3578.0,0.16,2.0,0,1,4590.0,0,1.0,2,0.59,2.0,1
5.86,3493.0,0.14,1.0,0,1,7111.0,2,1.0,0,1.5,1.0,1
1.43,3418.0,0.42,2.0,0,1,7212.0,2,1.0,1,1.25,1.0,0
7.68,3071.0,0.14,0.0,0,1,7356.0,0,0.0,1,1.63,1.0,4
6.92,3129.0,0.16,2.0,0,1,5192.0,0,2.0,0,1.4,0.0,3
6.47,3131.0,0.51,1.0,0,1,3217.0,0,1.0,0,1.75,2.0,2
3.7,3235.0,0.52,1.0,1,0,4570.0,0,0.0,0,0.55,0.0,4
3.49,3275.0,0.64,2.0,1,0,3194.0,2,0.0,0,0.55,2.0,4
5.48,3307.0,0.14,0.0,0,1,3968.0,0,1.0,0,1.68,1.0,4
5.62,3096.0,0.53,0.0,0,0,3016.0,0,1.0,0,1.83,1.0,4
2.84,3402.0,0.41,0.0,0,0,4474.0,0,2.0,0,0.82,1.0,1
1.44,3126.0,0.48,1.0,0,0,4639.0,0,0.0,1,0.69,2.0,0
5.58,3513.0,0.2,2.0,0,1,6592.0,0,1.0,1,2.02,1.0,3
6.79,3069.0,0.48,1.0,1,0,7255.0,0,0.0,0,0.58,2.0,4
1.51,3146.0,0.49,0.0,1,1,3286.0,0,1.0,2,1.39,1.0,4
2.17,3483.0,0.51,0.0,1,0,7187.0,0,2.0,0,0.7,0.0,1
1.69,3083.0,0.67,0.0,1,1,3198.0,0,2.0,2,0.57,2.0,4
4.9,3109.0,0.56,0.0,0,1,7334.0,0,2.0,0,0.56,0.0,1
6.94,3585.0,0.5,0.0,1,0,4565.0,0,0.0,2,0.66,0.0,1
4.79,3613.0,0.14,1.0,0,1,7275.0,0,2.0,0,1.47,1.0,1
1.48,3110.0,0.55,2.0,1,1,5339.0,0,0.0,1,1.46,2.0,1
1.53,3497.0,0.5,0.0,0,1,4433.0,0,1.0,0,1.56,2.0,1
1.83,3097.0,0.42,2.0,1,1,5215.0,0,0.0,1,0.55,1.0,3
5.22,3373.0,0.36,2.0,1,0,7197.0,0,0.0,0,1.24,0.0,2
1.63,3123.0,0.37,1.0,1,1,6908.0,0,0.0,2,1.01,1.0,2
6.72,3480.0,0.5,1.0,0,0,6325.0,0,1.0,1,1.35,2.0,4
1.64,3570.0,0.14,2.0,0,0,7302.0,0,1.0,2,1.47,2.0,2
1.84,3113.0,0.53,2.0,0,0,4478.0,0,2.0,2,0.55,1.0,1
1.98,3462.0,0.48,2.0,1,1,7335.0,0,0.0,1,0.92,0.0,2
1.65,3122.0,0.47,2.0,0,0,6650.0,0,2.0,1,0.56,1.0,4
1.42,3474.0,0.46,0.0,1,0,4590.0,0,0.0,1,0.56,1.0,3
4.78,3203.0,0.14,2.0,1,1,4572.0,0,2.0,1,1.43,2.0,3
1.57,3252.0,0.49,1.0,0,1,7323.0,0,1.0,0,1.5,0.0,2
7.0,3252.0,0.4,2.0,0,1,4523.0,0,1.0,2,0.95,1.0,4
1.86,3480.0,0.41,1.0,0,1,4555.0,0,1.0,0,0.61,1.0,3
6.37,3070.0,0.53,1.0,0,0,4484.0,0,1.0,2,1.97,2.0,4
1.45,3087.0,0.39,2.0,1,0,4481.0,0,0.0,1,0.55,1.0,0
1.42,3134.0,0.52,2.0,0,0,3036.0,1,0.0,1,0.55,1.0,3
7.24,3174.0,0.42,0.0,0,1,3009.0,0,1.0,0,0.7,2.0,0
4.42,3076.0,0.14,1.0,0,0,7187.0,0,1.0,1,1.16,2.0,4
1.67,3073.0,0.3,1.0,0,0,6485.0,0,1.0,2,1.77,1.0,2
5.85,3486.0,0.57,2.0,1,1,7211.0,0,0.0,1,1.17,1.0,0
2.15,3477.0,0.46,2.0,1,0,4499.0,2,1.0,1,1.43,0.0,3
3.97,3571.0,0.31,1.0,1,1,4502.0,0,2.0,0,1.44,0.0,3
7.13,3086.0,0.66,1.0,0,1,5348.0,0,1.0,2,0.9,1.0,3
1.56,3131.0,0.66,1.0,0,1,6367.0,0,2.0,1,0.55,1.0,3
1.46,3560.0,0.13,1.0,1,1,3109.0,0,2.0,1,1.36,0.0,0
1.63,3467.0,0.39,0.0,0,0,4531.0,0,0.0,1,0.56,0.0,3
7.46,3477.0,0.46,1.0,1,0,7218.0,0,1.0,2,1.3,1.0,2
1.57,3585.0,0.41,2.0,0,1,3326.0,0,1.0,2,1.18,0.0,4
2.35,3151.0,0.22,1.0,1,0,4782.0,2,2.0,1,1.76,0.0,4
1.97,3519.0,0.49,2.0,0,0,6501.0,0,2.0,2,0.69,0.0,2
5.54,3116.0,0.13,2.0,1,1,7170.0,0,0.0,0,0.56,1.0,3
6.21,3468.0,0.36,2.0,1,1,4526.0,0,0.0,1,0.6,1.0,0
5.62,3473.0,0.52,2.0,0,1,3181.0,0,1.0,1,1.45,2.0,1
3.63,3522.0,0.25,0.0,0,1,7176.0,0,1.0,0,1.84,1.0,3
1.41,3072.0,0.29,0.0,0,1,3162.0,0,2.0,1,0.74,1.0,0
7.4,3477.0,0.4,1.0,0,0,4771.0,1,0.0,0,0.58,1.0,4
4.92,3069.0,0.53,1.0,1,0,4498.0,0,1.0,2,0.55,2.0,1
5.51,3300.0,0.2,1.0,0,1,4227.0,0,1.0,1,1.83,1.0,1
1.66,3148.0,0.52,0.0,0,1,3336.0,0,1.0,1,1.35,1.0,3
7.07,3616.0,0.62,2.0,1,0,3749.0,0,0.0,2,1.69,2.0,4
5.58,3472.0,0.52,2.0,0,0,4269.0,0,1.0,1,0.9,1.0,4
5.61,3487.0,0.6,0.0,0,0,3121.0,0,0.0,0,1.72,2.0,2
1.45,3092.0,0.44,2.0,1,0,3301.0,0,1.0,1,1.23,1.0,3
6.77,3092.0,0.51,0.0,0,0,7352.0,0,1.0,2,1.43,1.0,4
6.58,3480.0,0.49,2.0,1,0,3477.0,0,1.0,1,1.32,1.0,4
2.89,3622.0,0.47,1.0,0,0,4570.0,0,0.0,2,0.67,1.0,1
7.72,3615.0,0.31,2.0,0,0,3868.0,0,2.0,2,0.99,1.0,4
3.82,3598.0,0.46,0.0,1,1,6420.0,0,1.0,1,0.57,1.0,0
2.08,3099.0,0.26,1.0,0,0,3202.0,0,0.0,1,1.75,0.0,3
3.96,3488.0,0.28,0.0,0,1,5761.0,1,2.0,1,0.55,0.0,1
6.45,3475.0,0.43,0.0,0,0,6374.0,0,1.0,2,1.76,1.0,2
5.3,3385.0,0.13,2.0,0,1,7091.0,1,0.0,0,0.57,0.0,4
1.59,3504.0,0.13,0.0,1,1,7182.0,0,1.0,1,1.29,1.0,2
1.67,3101.0,0.24,0.0,0,1,6827.0,0,0.0,2,0.56,1.0,2
6.59,3480.0,0.4,0.0,1,0,7232.0,0,0.0,2,0.6,1.0,1
7.85,3120.0,0.13,2.0,0,0,4488.0,0,2.0,2,1.19,0.0,4
3.04,3148.0,0.48,2.0,1,0,7095.0,0,0.0,1,0.97,0.0,0
7.12,3502.0,0.14,0.0,0,1,5616.0,1,0.0,0,1.24,1.0,0
7.83,3107.0,0.13,0.0,1,1,3210.0,0,1.0,0,1.59,1.0,0
5.17,3076.0,0.13,2.0,0,1,6618.0,0,1.0,0,0.55,0.0,4
1.52,3166.0,0.53,1.0,0,1,4548.0,0,1.0,2,2.0,1.0,4
1.78,3530.0,0.46,1.0,0,0,7282.0,0,0.0,0,0.83,1.0,4
1.67,3570.0,0.49,1.0,0,0,3396.0,0,0.0,2,0.74,0.0,3
5.84,3465.0,0.59,0.0,0,1,4510.0,0,2.0,1,0.6,1.0,3
1.5,3473.0,0.53,0.0,1,0,7319.0,0,1.0,2,1.5,1.0,4
7.9,3127.0,0.13,0.0,0,0,6637.0,0,0.0,1,1.4,1.0,4
1.64,3607.0,0.48,2.0,0,0,3472.0,0,0.0,2,0.71,1.0,4
8.04,3071.0,0.5,1.0,0,0,4547.0,0,0.0,2,1.0,2.0,1
2.37,3202.0,0.18,1.0,0,0,4365.0,0,1.0,0,1.92,2.0,1
7.13,3201.0,0.57,0.0,0,1,4584.0,0,0.0,1,1.4,2.0,1
2.03,3098.0,0.25,1.0,0,1,6736.0,0,1.0,2,1.93,2.0,2
8.14,3093.0,0.31,0.0,0,1,6924.0,0,0.0,2,0.55,0.0,2
7.59,3473.0,0.28,0.0,1,0,7259.0,0,1.0,2,1.73,0.0,1
4.93,3559.0,0.24,0.0,0,0,5561.0,0,1.0,0,1.74,0.0,4
3.21,3489.0,0.14,0.0,0,0,6916.0,0,2.0,2,1.34,0.0,2
2.42,3074.0,0.39,0.0,0,0,6271.0,0,1.0,0,1.21,2.0,4
7.73,3282.0,0.4,1.0,0,1,3275.0,2,1.0,1,1.65,1.0,3
8.34,3566.0,0.42,1.0,1,1,6633.0,1,0.0,0,0.56,0.0,3
1.68,3073.0,0.13,0.0,1,1,4580.0,0,1.0,0,0.67,1.0,0
1.46,3617.0,0.27,1.0,1,1,7117.0,0,0.0,0,1.65,2.0,3
5.44,3483.0,0.14,1.0,1,0,4836.0,0,1.0,0,1.23,1.0,4
1.71,3472.0,0.14,0.0,0,0,7282.0,1,1.0,2,1.57,1.0,4
5.46,3135.0,0.39,1.0,0,0,5831.0,0,2.0,0,2.02,1.0,2
7.0,3515.0,0.13,0.0,1,1,7188.0,1,2.0,0,1.57,0.0,1
1.57,3072.0,0.39,1.0,1,0,6536.0,0,0.0,2,1.75,0.0,2
2.16,3081.0,0.5,1.0,1,0,3275.0,0,0.0,1,0.58,1.0,3
6.03,3265.0,0.13,1.0,1,1,4574.0,0,0.0,0,0.7,1.0,2
2.13,3076.0,0.48,0.0,1,0,4511.0,0,0.0,2,1.03,1.0,1
5.44,3570.0,0.44,2.0,1,0,7117.0,0,2.0,0,1.46,1.0,4
5.57,3489.0,0.14,0.0,0,1,4485.0,1,1.0,2,1.59,2.0,4
5.52,3579.0,0.48,0.0,1,0,6966.0,0,0.0,1,1.13,1.0,3
6.58,3287.0,0.39,0.0,0,1,5883.0,0,2.0,2,1.3,1.0,3
1.94,3079.0,0.16,1.0,0,0,3670.0,0,1.0,0,0.55,0.0,4
5.52,3586.0,0.28,0.0,0,0,7315.0,1,1.0,0,0.59,1.0,2
1.59,3070.0,0.42,1.0,0,0,4499.0,1,1.0,2,1.27,0.0,4
2.19,3572.0,0.13,1.0,0,1,7045.0,0,0.0,2,1.75,1.0,2
6.55,3528.0,0.48,1.0,1,1,3399.0,0,1.0,0,1.53,2.0,2
1.61,3481.0,0.14,1.0,0,0,7251.0,0,1.0,2,1.09,0.0,4
1.46,3090.0,0.66,2.0,0,0,7116.0,0,0.0,1,0.74,1.0,4
5.49,3105.0,0.13,1.0,0,1,6045.0,0,1.0,2,0.7,1.0,4
5.67,3129.0,0.41,1.0,0,0,7345.0,0,0.0,2,0.55,1.0,1
4.89,3522.0,0.17,2.0,0,1,3849.0,0,2.0,1,1.26,0.0,4
1.75,3486.0,0.39,1.0,0,0,3095.0,0,2.0,0,1.73,1.0,4
5.44,3625.0,0.52,1.0,1,0,5934.0,0,1.0,1,0.59,2.0,3
7.89,3318.0,0.2,1.0,0,1,3254.0,0,1.0,0,1.86,0.0,1
1.72,3473.0,0.24,2.0,0,0,3163.0,0,2.0,2,1.73,1.0,0
3.62,3484.0,0.2,0.0,1,1,7188.0,0,1.0,2,1.69,0.0,3
6.8,3086.0,0.47,0.0,0,0,7203.0,0,0.0,1,0.55,1.0,0
5.44,3091.0,0.52,2.0,0,1,5422.0,0,0.0,2,0.56,1.0,4
7.31,3089.0,0.38,1.0,1,1,3350.0,0,1.0,1,1.66,0.0,3
6.94,3353.0,0.16,0.0,0,0,4564.0,0,0.0,1,0.55,1.0,3
1.85,3071.0,0.67,1.0,0,1,7324.0,0,0.0,1,0.6,1.0,4
7.06,3244.0,0.13,2.0,1,1,7202.0,0,1.0,1,1.26,1.0,4
1.64,3470.0,0.37,2.0,0,1,4521.0,0,1.0,1,1.76,0.0,3
1.46,3464.0,0.52,2.0,1,0,3991.0,0,1.0,1,1.63,1.0,1
1.51,3252.0,0.43,1.0,0,0,4688.0,0,2.0,1,0.68,1.0,4
1.44,3311.0,0.13,1.0,1,1,4521.0,0,1.0,2,1.2,1.0,1
2.25,3234.0,0.13,1.0,1,1,3463.0,0,0.0,2,1.08,0.0,3
5.58,3480.0,0.63,1.0,0,0,4577.0,0,2.0,1,1.95,2.0,3
1.89,3249.0,0.14,1.0,0,1,6795.0,1,1.0,1,1.26,0.0,3
1.59,3540.0,0.13,1.0,1,0,4145.0,0,1.0,0,1.56,1.0,1
7.67,3070.0,0.55,1.0,0,1,6823.0,0,0.0,1,2.0,1.0,4
5.97,3072.0,0.49,2.0,0,1,7235.0,0,2.0,1,1.56,0.0,0
5.98,3146.0,0.46,2.0,1,0,3557.0,0,1.0,0,1.57,1.0,4
1.58,3071.0,0.26,2.0,1,0,4540.0,0,0.0,1,1.61,0.0,3
1.58,3352.0,0.5,1.0,0,1,7114.0,0,0.0,1,0.65,1.0,4
5.57,3108.0,0.53,0.0,0,1,7162.0,0,1.0,0,1.4,1.0,1
1.5,3138.0,0.43,2.0,0,1,7163.0,0,0.0,2,1.67,1.0,2
1.52,3128.0,0.13,2.0,0,0,4909.0,0,1.0,2,0.73,0.0,3
6.05,3137.0,0.32,1.0,1,0,3049.0,1,0.0,0,1.77,1.0,2
2.73,3096.0,0.61,2.0,0,0,7211.0,0,2.0,2,1.98,2.0,4
7.59,3339.0,0.13,0.0,0,0,7257.0,0,0.0,2,1.25,0.0,4
1.6,3277.0,0.13,2.0,0,1,3341.0,0,0.0,1,1.24,2.0,4
1.72,3127.0,0.18,1.0,0,1,4480.0,0,0.0,2,0.55,0.0,1
1.46,3142.0,0.49,1.0,1,1,4494.0,0,1.0,2,1.28,1.0,4
3.9,3073.0,0.53,0.0,1,1,7274.0,0,0.0,2,0.57,1.0,4
1.6,3465.0,0.56,2.0,1,0,5899.0,0,0.0,2,1.25,2.0,3
3.78,3453.0,0.5,2.0,0,1,6661.0,0,0.0,0,1.03,0.0,4
5.5,3588.0,0.13,0.0,0,0,4594.0,0,2.0,2,1.53,1.0,1
7.82,3140.0,0.46,1.0,1,0,7236.0,0,1.0,1,0.58,1.0,4
4.27,3167.0,0.13,2.0,0,1,3076.0,0,2.0,2,1.31,1.0,1
1.57,3096.0,0.47,1.0,0,0,7159.0,0,0.0,0,0.85,0.0,2
1.63,3143.0,0.4,0.0,0,0,6683.0,0,2.0,2,0.58,1.0,2
6.7,3411.0,0.13,2.0,0,1,6439.0,0,2.0,0,0.55,1.0,4
1.55,3497.0,0.49,2.0,0,0,4559.0,0,1.0,2,1.11,1.0,1
5.47,3149.0,0.49,0.0,0,0,7145.0,0,0.0,2,0.56,2.0,0
2.19,3468.0,0.43,1.0,0,1,3724.0,0,0.0,1,0.55,0.0,4
1.42,3087.0,0.53,1.0,0,1,5475.0,0,1.0,2,1.89,1.0,0
1.85,3134.0,0.51,1.0,0,0,4523.0,1,2.0,0,1.82,1.0,1
1.86,3208.0,0.62,2.0,0,0,6298.0,0,0.0,1,0.6,1.0,3
6.88,3096.0,0.49,0.0,1,1,7239.0,0,0.0,2,0.86,2.0,4
1.51,3073.0,0.13,0.0,0,0,6677.0,0,2.0,0,0.55,0.0,4
4.38,3275.0,0.53,2.0,1,0,7306.0,0,1.0,1,1.6,0.0,4
1.65,3145.0,0.14,0.0,1,1,3226.0,0,0.0,1,0.56,1.0,2
7.77,3123.0,0.16,1.0,1,1,6638.0,1,2.0,1,0.89,1.0,4
6.96,3138.0,0.49,2.0,0,0,6904.0,0,1.0,1,1.3,0.0,4
4.61,3476.0,0.13,1.0,1,0,7337.0,0,1.0,2,1.82,1.0,4
1.42,3107.0,0.46,0.0,0,0,7310.0,0,0.0,1,0.55,0.0,4
1.48,3132.0,0.29,2.0,0,1,5014.0,0,1.0,0,1.82,2.0,3
6.62,3108.0,0.52,2.0,0,1,4750.0,0,0.0,2,0.75,2.0,3
1.54,3073.0,0.27,0.0,1,1,7190.0,0,0.0,1,0.68,0.0,4
1.54,3141.0,0.49,1.0,0,1,6330.0,0,0.0,1,0.71,1.0,3
3.52,3377.0,0.52,0.0,0,1,4368.0,0,2.0,1,1.99,0.0,2
6.8,3480.0,0.41,0.0,0,1,6397.0,0,0.0,2,0.56,1.0,2
2.6,3146.0,0.5,2.0,1,0,7275.0,0,0.0,2,0.64,2.0,4
1.53,3517.0,0.41,2.0,0,1,3131.0,0,2.0,0,2.0,0.0,3
1.62,3070.0,0.54,1.0,0,0,3032.0,0,0.0,2,1.59,1.0,2
7.35,3431.0,0.33,1.0,0,0,4485.0,0,2.0,2,0.55,2.0,4
5.61,3486.0,0.64,2.0,0,1,4594.0,0,1.0,0,0.75,1.0,3
5.62,3245.0,0.48,0.0,1,1,4478.0,0,0.0,1,0.56,1.0,1
1.68,3500.0,0.39,1.0,0,0,5499.0,0,1.0,0,0.85,0.0,4
3.63,3102.0,0.5,1.0,0,1,5839.0,0,2.0,0,1.0,0.0,3
7.2,3603.0,0.14,0.0,0,0,3004.0,0,1.0,2,1.0,1.0,4
1.67,3088.0,0.62,0.0,0,0,3690.0,0,0.0,1,1.18,0.0,1
1.64,3485.0,0.13,2.0,0,1,4485.0,0,2.0,1,0.57,1.0,3
6.08,3089.0,0.23,1.0,0,1,7338.0,2,2.0,1,1.18,2.0,0
2.19,3568.0,0.58,1.0,0,0,7264.0,0,2.0,2,0.56,1.0,4
1.49,3498.0,0.56,0.0,1,1,3348.0,0,0.0,2,1.28,0.0,2
6.88,3095.0,0.14,1.0,1,1,5226.0,0,0.0,2,1.2,2.0,3
6.84,3482.0,0.13,1.0,1,1,3605.0,0,0.0,1,1.19,0.0,4
1.44,3479.0,0.13,2.0,1,1,4587.0,0,1.0,1,1.44,1.0,3
5.45,3464.0,0.57,0.0,1,1,7209.0,0,0.0,2,1.92,1.0,1
2.58,3413.0,0.48,2.0,0,0,4511.0,0,0.0,2,0.78,2.0,1
5.79,3208.0,0.45,0.0,0,1,3332.0,0,0.0,0,0.57,0.0,1
5.43,3119.0,0.65,1.0,0,1,6661.0,0,1.0,1,1.25,0.0,3
1.47,3548.0,0.4,2.0,0,1,6666.0,0,2.0,2,1.09,1.0,2
5.61,3101.0,0.29,0.0,0,1,3197.0,0,1.0,2,2.0,1.0,4
1.42,3605.0,0.46,0.0,1,0,6423.0,0,1.0,2,1.34,0.0,2
7.31,3071.0,0.51,2.0,0,0,7299.0,0,0.0,1,1.21,1.0,4
8.1,3594.0,0.24,0.0,0,1,3971.0,0,2.0,2,1.23,0.0,4
7.48,3100.0,0.5,1.0,0,1,7186.0,0,0.0,1,0.79,1.0,4
3.18,3112.0,0.14,0.0,1,0,4515.0,0,1.0,0,1.54,0.0,2
1.59,3100.0,0.67,1.0,0,0,4186.0,0,1.0,0,0.58,1.0,1
7.09,3131.0,0.5,2.0,1,1,6824.0,0,0.0,0,0.74,1.0,3
1.56,3529.0,0.17,2.0,0,0,3809.0,0,1.0,2,2.07,0.0,4
5.51,3166.0,0.13,0.0,0,0,3177.0,0,1.0,1,1.17,1.0,3
2.88,3552.0,0.28,0.0,0,1,4468.0,0,2.0,2,0.67,2.0,4
1.78,3486.0,0.27,0.0,0,0,4223.0,1,0.0,0,1.25,1.0,4
5.51,3585.0,0.23,2.0,0,0,4537.0,0,0.0,2,0.6,1.0,4
7.78,3151.0,0.14,1.0,0,0,3428.0,0,0.0,0,1.48,1.0,4
5.55,3073.0,0.4,0.0,0,0,5826.0,0,0.0,0,1.17,1.0,4
4.19,3521.0,0.63,2.0,1,0,5131.0,1,0.0,1,1.06,0.0,3
6.28,3570.0,0.43,1.0,1,0,5011.0,1,2.0,1,1.93,2.0,2
1.61,3469.0,0.6,2.0,1,1,3027.0,0,0.0,0,1.63,0.0,3
5.51,3187.0,0.14,0.0,0,0,4537.0,0,2.0,1,1.58,0.0,1
6.65,3117.0,0.52,1.0,0,0,3767.0,0,1.0,1,1.46,2.0,3
1.59,3207.0,0.44,2.0,0,1,3044.0,0,0.0,1,0.57,1.0,0
6.62,3291.0,0.14,0.0,0,1,4519.0,0,1.0,0,1.15,1.0,3
8.07,3074.0,0.13,1.0,0,0,3124.0,0,2.0,0,1.41,1.0,4
1.63,3467.0,0.44,0.0,0,1,7178.0,0,2.0,2,1.76,0.0,4
1.52,3325.0,0.41,2.0,0,1,3046.0,0,0.0,1,0.56,2.0,3
5.49,3488.0,0.57,1.0,0,0,3624.0,0,0.0,0,1.7,2.0,4
1.58,3102.0,0.5,1.0,1,0,5571.0,0,1.0,1,0.57,2.0,4
1.9,3464.0,0.51,2.0,0,1,4551.0,1,0.0,1,0.55,1.0,3
2.04,3531.0,0.48,2.0,0,1,6769.0,0,0.0,1,0.78,1.0,4
2.03,3272.0,0.14,0.0,1,1,5885.0,0,0.0,2,0.57,2.0,4
8.22,3487.0,0.57,1.0,0,0,3594.0,0,0.0,0,2.02,2.0,2
5.88,3069.0,0.48,0.0,0,0,5913.0,1,1.0,1,1.38,1.0,3
1.5,3478.0,0.51,1.0,0,0,6425.0,2,1.0,1,1.28,1.0,3
1.43,3384.0,0.53,0.0,0,1,5648.0,0,1.0,0,1.28,0.0,4
1.67,3482.0,0.4,2.0,0,0,7177.0,2,0.0,2,1.71,1.0,1
4.14,3365.0,0.48,0.0,1,0,3178.0,2,0.0,2,0.69,2.0,2
2.26,3582.0,0.14,0.0,1,1,7159.0,0,1.0,1,1.42,0.0,1
1.53,3614.0,0.49,0.0,1,1,6124.0,0,2.0,0,0.96,1.0,4
5.14,3486.0,0.53,2.0,0,1,3311.0,0,1.0,1,1.55,1.0,2
1.46,3102.0,0.51,1.0,0,0,6798.0,0,0.0,1,0.55,1.0,0
2.8,3480.0,0.59,0.0,0,0,7258.0,0,0.0,0,1.49,0.0,4
1.45,3467.0,0.13,2.0,0,1,7319.0,0,2.0,1,0.55,1.0,4
1.65,3139.0,0.14,1.0,0,0,3041.0,0,1.0,1,1.2,0.0,3
1.44,3360.0,0.35,0.0,0,0,7224.0,0,1.0,2,1.97,2.0,1
5.61,3498.0,0.5,0.0,0,0,7325.0,0,2.0,1,1.85,1.0,4
2.47,3173.0,0.35,2.0,0,1,3108.0,0,2.0,1,0.55,0.0,3
7.61,3148.0,0.53,2.0,0,1,5576.0,0,1.0,2,1.48,2.0,3
1.6,3328.0,0.51,1.0,1,0,3024.0,0,0.0,2,0.55,1.0,4
1.46,3201.0,0.47,1.0,1,0,7331.0,0,2.0,0,0.64,1.0,4
1.43,3272.0,0.4,0.0,0,0,5685.0,0,0.0,2,1.16,0.0,3
1.41,3466.0,0.13,2.0,0,1,7199.0,0,2.0,1,1.41,2.0,4
6.96,3074.0,0.47,2.0,0,1,7359.0,0,2.0,1,1.42,1.0,4
1.62,3071.0,0.14,0.0,0,0,4409.0,0,2.0,0,1.3,0.0,4
2.7,3069.0,0.52,2.0,0,1,7293.0,1,1.0,1,1.54,1.0,4
1.54,3352.0,0.49,0.0,1,1,3259.0,0,1.0,0,0.6,2.0,0
2.12,3477.0,0.5,0.0,0,0,5174.0,0,0.0,2,1.07,1.0,3
1.48,3076.0,0.62,0.0,1,0,4665.0,0,2.0,0,1.05,0.0,4
1.42,3590.0,0.35,2.0,0,0,3123.0,0,1.0,0,1.91,0.0,4
1.47,3123.0,0.53,2.0,0,0,3421.0,0,2.0,1,1.66,1.0,3
3.55,3073.0,0.64,1.0,0,0,6526.0,0,1.0,1,1.07,1.0,4
6.76,3421.0,0.45,1.0,0,0,5349.0,0,2.0,1,1.75,2.0,1
1.6,3086.0,0.53,2.0,0,1,7179.0,0,1.0,1,1.36,1.0,0
5.47,3074.0,0.32,1.0,0,0,6862.0,0,2.0,1,1.18,2.0,4
3.04,3480.0,0.39,1.0,0,1,4275.0,0,2.0,2,0.56,0.0,4
1.63,3074.0,0.42,1.0,1,0,4540.0,0,2.0,2,0.62,0.0,4
1.99,3465.0,0.44,1.0,0,1,4041.0,0,2.0,1,0.77,1.0,4
7.57,3268.0,0.28,2.0,0,0,3352.0,0,0.0,1,0.57,2.0,3
3.12,3468.0,0.54,2.0,0,0,6532.0,0,0.0,2,0.83,2.0,2
2.79,3116.0,0.45,0.0,0,1,6119.0,0,1.0,2,1.52,0.0,3
1.62,3571.0,0.66,1.0,1,1,3032.0,0,0.0,2,1.73,0.0,4
1.58,3540.0,0.53,1.0,0,0,7354.0,1,1.0,2,1.96,0.0,0
1.64,3071.0,0.46,0.0,1,1,7312.0,0,0.0,2,0.57,1.0,3
4.78,3473.0,0.13,2.0,1,0,4542.0,0,1.0,1,1.03,0.0,3
1.43,3145.0,0.39,2.0,1,1,3215.0,0,1.0,2,1.15,0.0,3
5.35,3071.0,0.48,2.0,0,1,5766.0,0,0.0,1,1.24,0.0,1
7.31,3075.0,0.42,0.0,0,1,6478.0,0,0.0,2,1.92,0.0,2
6.44,3477.0,0.6,1.0,0,1,7238.0,1,0.0,2,1.74,1.0,1
7.42,3143.0,0.46,2.0,1,1,5342.0,0,1.0,1,1.59,1.0,3
5.51,3135.0,0.13,1.0,1,0,6648.0,0,0.0,0,0.71,1.0,4
6.54,3472.0,0.14,1.0,0,1,4521.0,0,1.0,0,1.17,0.0,1
6.53,3232.0,0.22,1.0,1,1,3075.0,0,1.0,1,1.89,1.0,3
1.43,3072.0,0.53,2.0,0,1,7157.0,0,0.0,0,1.22,2.0,4
4.42,3072.0,0.14,2.0,1,0,7150.0,0,0.0,1,0.55,0.0,3
5.49,3495.0,0.53,0.0,0,1,6780.0,0,0.0,1,1.57,1.0,3
1.49,3467.0,0.49,1.0,0,0,4294.0,0,1.0,0,1.34,1.0,4
2.27,3071.0,0.13,1.0,0,0,7315.0,0,1.0,2,0.58,0.0,3
1.9,3489.0,0.22,2.0,0,0,4594.0,0,0.0,1,1.26,1.0,3
1.65,3127.0,0.47,0.0,1,0,4535.0,0,1.0,1,1.54,2.0,1
1.82,3104.0,0.5,0.0,1,0,4549.0,0,0.0,1,0.61,1.0,1
8.19,3083.0,0.49,2.0,0,0,6889.0,0,2.0,1,1.33,2.0,3
7.76,3146.0,0.14,1.0,1,0,6706.0,0,2.0,2,1.65,1.0,2
1.48,3464.0,0.43,1.0,0,0,7280.0,0,2.0,2,0.78,1.0,4
1.57,3113.0,0.14,0.0,0,0,4005.0,0,1.0,1,1.2,1.0,3
5.26,3409.0,0.43,1.0,0,1,4552.0,0,1.0,0,1.03,2.0,3
6.88,3483.0,0.38,1.0,0,0,3194.0,0,0.0,0,0.6,1.0,4
5.52,3147.0,0.14,2.0,1,1,4560.0,0,1.0,2,1.17,2.0,1
4.31,3164.0,0.46,1.0,0,1,4539.0,1,2.0,2,0.61,0.0,1
1.58,3475.0,0.53,0.0,0,1,3090.0,0,1.0,1,1.57,1.0,2
1.49,3086.0,0.31,2.0,1,1,6347.0,0,2.0,1,0.55,1.0,0
4.95,3131.0,0.61,1.0,1,1,6934.0,0,1.0,0,1.71,0.0,3
1.63,3609.0,0.15,1.0,1,0,4687.0,1,2.0,1,1.26,1.0,2
7.18,3462.0,0.49,2.0,0,1,3187.0,0,1.0,0,1.48,1.0,3
5.44,3118.0,0.5,1.0,0,0,4594.0,0,2.0,2,1.72,1.0,4
5.45,3466.0,0.49,0.0,0,0,4577.0,0,0.0,1,0.98,1.0,3
5.58,3584.0,0.49,0.0,0,1,7316.0,0,1.0,0,1.36,1.0,1
5.52,3131.0,0.13,1.0,0,0,6542.0,0,0.0,0,1.78,2.0,4
1.51,3424.0,0.14,0.0,0,0,3012.0,0,2.0,2,1.3,0.0,2
1.54,3090.0,0.51,1.0,0,0,6353.0,0,1.0,2,1.29,0.0,2
4.05,3072.0,0.55,0.0,1,0,6502.0,1,2.0,0,0.75,0.0,1
7.56,3118.0,0.18,2.0,0,0,4572.0,0,0.0,0,1.83,1.0,4
1.49,3076.0,0.13,0.0,0,0,7219.0,0,1.0,2,0.97,0.0,1
1.48,3071.0,0.38,2.0,1,1,4416.0,2,2.0,2,0.55,1.0,4
5.42,3071.0,0.4,2.0,1,1,4563.0,2,1.0,1,1.17,0.0,0
5.33,3117.0,0.15,2.0,0,0,6766.0,0,1.0,1,1.18,0.0,4
7.99,3079.0,0.5,1.0,1,0,6830.0,0,1.0,2,0.56,2.0,2
7.54,3116.0,0.36,2.0,0,0,7045.0,0,1.0,1,1.62,1.0,4
2.11,3468.0,0.63,2.0,0,0,4547.0,0,1.0,1,1.67,2.0,0
5.61,3083.0,0.49,0.0,0,1,3309.0,0,2.0,2,0.78,1.0,2
5.0,3479.0,0.56,0.0,1,1,6475.0,0,0.0,0,0.56,1.0,3
1.84,3071.0,0.42,1.0,0,0,4574.0,0,2.0,2,1.05,0.0,4
4.16,3092.0,0.48,2.0,0,1,5612.0,0,1.0,2,1.28,0.0,0
7.19,3604.0,0.49,1.0,0,0,7165.0,0,0.0,0,0.89,0.0,1
2.31,3144.0,0.29,0.0,0,1,6654.0,0,1.0,0,1.75,0.0,1
5.43,3394.0,0.59,2.0,0,0,6321.0,0,0.0,0,0.58,1.0,2
2.04,3216.0,0.45,1.0,1,0,4220.0,0,1.0,1,1.82,1.0,2
1.62,3462.0,0.43,2.0,1,1,7307.0,0,1.0,1,1.27,0.0,4
6.86,3469.0,0.25,1.0,0,0,5512.0,0,0.0,1,1.72,1.0,2
7.94,3478.0,0.34,1.0,1,0,7161.0,0,1.0,2,0.55,1.0,1
5.62,3077.0,0.13,0.0,0,0,4595.0,0,0.0,1,0.55,1.0,4
5.74,3102.0,0.36,1.0,1,0,4081.0,0,2.0,1,0.56,0.0,3
5.51,3473.0,0.14,0.0,0,1,3356.0,0,0.0,0,1.23,2.0,1
1.63,3472.0,0.47,2.0,0,1,4545.0,1,1.0,0,1.37,1.0,4
2.17,3379.0,0.13,2.0,0,0,3362.0,0,1.0,1,1.36,0.0,4
7.19,3528.0,0.64,2.0,0,0,5762.0,0,1.0,0,1.71,1.0,4
3.08,3072.0,0.53,0.0,0,0,5949.0,0,2.0,1,1.86,0.0,3
5.47,3469.0,0.46,2.0,0,0,6746.0,0,0.0,0,0.91,2.0,4
5.55,3336.0,0.13,0.0,0,1,3675.0,0,1.0,0,0.55,1.0,3
5.47,3071.0,0.53,1.0,0,0,3405.0,1,2.0,0,1.79,1.0,4
1.49,3484.0,0.48,0.0,0,0,4006.0,0,0.0,2,0.56,1.0,4
1.53,3280.0,0.13,1.0,1,0,6776.0,0,2.0,0,1.42,1.0,2
8.09,3072.0,0.43,0.0,0,1,4207.0,0,1.0,0,0.69,2.0,1
1.59,3610.0,0.39,1.0,0,1,5546.0,0,2.0,1,0.79,2.0,3
1.66,3434.0,0.13,2.0,0,1,6825.0,0,0.0,0,1.21,1.0,2
