V1,D1,V2,V3,D2,D3,D4,V4,D5,D6,V5,D7,D8,V6,label
0.0,71,7.0,2.0,7,3,4,0.0,0,0,0.0,1,52,1.0,0.0
0.0,141,1.75,1.0,3,3,30,0.0,0,0,1.0,1,97,1.0,0.0
0.0,59,11.5,1.0,4,2,0,1.0,1,11,1.0,1,0,1.0,1.0
1.0,43,8.17,2.0,5,3,45,1.0,1,14,0.0,1,17,159.0,1.0
0.0,3,0.585,2.0,7,6,36,1.0,1,2,0.0,1,31,1.0,1.0
1.0,15,6.5,2.0,2,3,3,0.0,0,0,0.0,1,17,101.0,0.0
0.0,329,4.46,2.0,10,6,65,1.0,1,6,0.0,1,11,561.0,1.0
1.0,125,1.0,1.0,1,6,64,0.0,0,0,0.0,1,60,538.0,0.0
0.0,314,7.08,2.0,3,6,99,1.0,1,3,1.0,1,31,51.0,0.0
1.0,182,1.75,2.0,13,6,80,1.0,1,4,1.0,1,88,858.0,1.0
1.0,247,5.0,2.0,10,6,84,1.0,1,6,1.0,1,147,1.0,1.0
1.0,48,1.25,1.0,7,6,33,1.0,1,3,1.0,1,44,211.0,0.0
1.0,197,5.0,2.0,13,6,103,1.0,1,6,1.0,1,0,1001.0,1.0
1.0,328,2.71,2.0,7,3,55,0.0,0,0,1.0,1,106,1.0,0.0
1.0,283,6.04,2.0,3,3,1,0.0,0,0,0.0,1,0,2691.0,1.0
1.0,141,4.5,2.0,8,3,103,1.0,1,2,1.0,1,108,1.0,1.0
0.0,32,9.0,2.0,5,3,19,1.0,1,2,0.0,1,25,592.0,1.0
1.0,41,1.25,1.0,3,3,3,0.0,0,0,0.0,1,44,5.0,0.0
0.0,68,5.665,2.0,10,3,59,1.0,1,7,0.0,1,40,3258.0,1.0
0.0,128,0.585,2.0,5,3,1,0.0,0,0,0.0,1,91,1005.0,0.0
0.0,34,0.585,1.0,5,3,15,1.0,0,0,1.0,1,52,1.0,0.0
1.0,245,1.335,2.0,1,3,4,0.0,0,0,0.0,1,56,1.0,0.0
1.0,249,1.75,2.0,3,3,5,1.0,0,0,0.0,1,52,1.0,0.0
1.0,37,9.585,2.0,5,3,20,0.0,0,0,0.0,1,23,351.0,0.0
1.0,175,1.5,2.0,12,6,92,1.0,1,3,1.0,1,0,1.0,1.0
1.0,69,0.125,1.0,3,3,3,0.0,0,0,0.0,1,68,71.0,0.0
1.0,180,3.04,1.0,7,6,47,1.0,1,1,1.0,1,62,18028.0,1.0
0.0,154,12.0,2.0,7,3,46,1.0,1,1,0.0,1,76,20.0,1.0
1.0,76,2.5,2.0,7,3,27,1.0,1,11,1.0,1,17,2185.0,1.0
1.0,117,0.75,2.0,7,6,77,1.0,1,3,1.0,1,105,151.0,1.0
0.0,46,10.5,1.0,13,6,0,0.0,0,0,1.0,1,50,33.0,0.0
1.0,304,1.375,1.0,7,6,113,1.0,0,0,1.0,1,68,101.0,0.0
1.0,76,11.5,2.0,8,6,49,1.0,1,11,1.0,1,99,285.0,1.0
1.0,258,1.25,2.0,6,3,122,0.0,1,1,1.0,1,114,113.0,0.0
1.0,347,19.0,1.0,0,0,1,0.0,1,2,0.0,1,0,352.0,0.0
1.0,94,12.5,2.0,5,3,64,1.0,0,0,1.0,0,2,1.0,1.0
1.0,235,13.915,2.0,8,3,110,1.0,1,6,1.0,1,19,1.0,1.0
0.0,281,8.0,2.0,7,3,105,1.0,1,6,1.0,1,0,1261.0,1.0
0.0,279,3.0,2.0,13,3,122,1.0,1,2,1.0,1,154,1705.0,1.0
1.0,77,0.0,2.0,12,3,2,1.0,0,0,0.0,1,0,1.0,1.0
1.0,70,1.5,1.0,5,3,14,0.0,0,0,1.0,1,37,68.0,0.0
1.0,114,1.125,2.0,13,6,30,1.0,0,0,0.0,1,0,5299.0,1.0
1.0,337,0.54,2.0,7,3,15,1.0,1,3,1.0,1,62,1.0,0.0
1.0,83,0.415,1.0,7,3,1,0.0,1,2,0.0,1,39,7.0,0.0
0.0,49,10.25,2.0,10,3,18,1.0,1,2,1.0,1,13,1.0,1.0
0.0,89,1.75,1.0,7,3,4,0.0,0,0,0.0,1,42,1.0,0.0
1.0,7,0.04,2.0,7,3,1,0.0,0,0,0.0,1,0,1.0,1.0
0.0,140,2.0,1.0,9,6,46,0.0,0,0,0.0,1,90,18.0,0.0
0.0,307,15.0,2.0,7,3,92,1.0,1,14,0.0,1,0,2201.0,1.0
1.0,172,3.5,2.0,3,3,13,0.0,0,0,1.0,1,83,1.0,0.0
1.0,52,4.125,1.0,2,6,1,0.0,0,0,0.0,1,44,101.0,0.0
1.0,128,0.125,1.0,3,3,2,0.0,0,0,0.0,1,75,2101.0,0.0
1.0,33,1.75,1.0,7,3,53,0.0,0,0,1.0,1,35,7.0,0.0
1.0,122,3.25,1.0,10,6,86,0.0,1,2,1.0,1,118,2.0,0.0
1.0,125,1.5,2.0,8,3,46,1.0,1,11,1.0,1,139,36.0,1.0
1.0,238,6.5,2.0,5,4,72,1.0,1,1,0.0,1,0,501.0,1.0
0.0,215,2.5,2.0,2,6,5,0.0,0,0,0.0,1,91,247.0,0.0
1.0,256,4.915,1.0,8,3,68,1.0,0,0,1.0,1,15,1443.0,1.0
1.0,320,12.25,2.0,6,3,30,1.0,1,4,1.0,1,68,1.0,1.0
1.0,261,5.0,2.0,2,4,51,0.0,0,0,1.0,1,45,1.0,0.0
0.0,83,0.71,2.0,8,3,6,0.0,1,1,1.0,1,85,5.0,0.0
1.0,27,2.0,2.0,2,3,36,1.0,1,2,0.0,1,37,301.0,1.0
0.0,242,3.5,2.0,2,4,13,0.0,0,0,0.0,0,169,1.0,0.0
0.0,89,0.5,2.0,10,6,36,1.0,0,0,0.0,1,97,825.0,1.0
1.0,252,9.79,2.0,13,6,106,1.0,1,8,0.0,1,0,1.0,1.0
0.0,37,0.165,2.0,10,3,1,0.0,0,0,1.0,1,123,1.0,0.0
1.0,57,11.5,2.0,2,3,13,1.0,0,0,1.0,1,31,69.0,0.0
1.0,159,2.835,2.0,0,0,0,0.0,1,5,0.0,1,60,147.0,0.0
1.0,119,1.585,2.0,12,6,43,1.0,1,12,1.0,1,159,714.0,1.0
1.0,289,26.335,1.0,0,0,0,1.0,0,0,1.0,1,0,1.0,0.0
0.0,151,1.375,2.0,8,6,1,0.0,1,3,0.0,1,0,34.0,0.0
1.0,139,1.25,2.0,8,3,42,0.0,0,0,0.0,1,68,1.0,0.0
1.0,129,5.04,1.0,7,4,36,1.0,1,8,1.0,1,46,8.0,1.0
1.0,239,21.5,2.0,9,7,130,1.0,1,11,0.0,1,0,1201.0,1.0
1.0,210,4.25,2.0,10,3,72,0.0,0,0,0.0,1,143,51.0,0.0
1.0,101,0.335,2.0,3,6,72,0.0,0,0,1.0,1,110,1.0,0.0
1.0,144,3.5,2.0,7,3,4,0.0,0,0,0.0,1,75,1.0,0.0
1.0,76,0.0,2.0,3,3,25,0.0,1,11,0.0,0,0,1.0,0.0
0.0,170,1.46,2.0,8,3,27,1.0,1,16,0.0,1,37,2080.0,1.0
1.0,96,3.5,2.0,12,3,16,1.0,1,7,0.0,1,0,7060.0,1.0
0.0,199,3.75,2.0,0,0,0,0.0,1,6,0.0,1,0,201.0,0.0
0.0,28,10.0,2.0,1,3,10,0.0,0,0,0.0,1,23,43.0,0.0
1.0,237,5.0,2.0,2,4,5,0.0,0,0,0.0,1,157,1.0,0.0
1.0,80,1.0,2.0,7,3,13,0.0,0,0,1.0,0,97,1.0,0.0
1.0,218,0.0,2.0,7,3,0,0.0,0,0,0.0,2,64,1.0,1.0
0.0,91,13.665,2.0,10,6,36,0.0,0,0,0.0,1,97,2.0,0.0
0.0,275,13.0,2.0,2,4,88,1.0,1,9,1.0,1,0,1.0,1.0
1.0,189,5.25,2.0,8,3,2,0.0,0,0,1.0,1,99,7.0,1.0
1.0,65,0.585,1.0,0,0,0,0.0,0,0,0.0,1,31,1.0,0.0
1.0,124,1.29,2.0,3,6,6,0.0,0,0,1.0,0,44,1.0,0.0
1.0,257,4.085,2.0,5,3,1,0.0,0,0,0.0,1,33,101.0,0.0
1.0,134,14.5,2.0,1,3,3,0.0,0,0,0.0,1,0,287.0,0.0
1.0,207,5.0,2.0,7,4,57,1.0,1,6,0.0,1,0,368.0,1.0
0.0,23,10.0,1.0,10,6,4,0.0,0,0,0.0,1,110,1.0,0.0
1.0,54,1.5,2.0,8,3,36,0.0,0,0,0.0,1,48,9.0,1.0
0.0,227,1.665,2.0,5,3,6,0.0,0,0,0.0,1,0,391.0,0.0
1.0,166,0.04,1.0,6,3,1,0.0,0,0,0.0,1,0,1.0,0.0
0.0,14,9.5,2.0,5,3,42,0.0,1,10,1.0,1,0,11.0,0.0
0.0,46,0.835,2.0,10,3,38,1.0,1,1,0.0,1,0,1.0,1.0
0.0,229,4.0,2.0,7,3,64,0.0,0,0,0.0,1,148,1.0,0.0
1.0,225,0.21,2.0,3,3,2,1.0,0,0,1.0,1,97,1.0,1.0
1.0,123,13.75,2.0,8,3,94,1.0,0,0,1.0,1,149,501.0,1.0
1.0,124,0.585,1.0,12,3,6,1.0,1,2,0.0,1,91,501.0,1.0
1.0,33,0.0,1.0,0,0,0,0.0,1,4,0.0,1,12,2.0,0.0
0.0,94,0.875,2.0,13,6,26,1.0,0,0,1.0,1,52,5861.0,1.0
1.0,123,2.0,2.0,13,6,25,1.0,1,4,0.0,1,44,7545.0,1.0
1.0,66,9.0,2.0,5,3,2,0.0,0,0,0.0,1,0,1.0,0.0
0.0,294,13.585,2.0,3,6,109,1.0,0,0,1.0,1,0,1.0,1.0
1.0,172,2.5,2.0,7,3,30,0.0,0,0,1.0,1,97,1.0,0.0
1.0,221,10.125,1.0,3,3,3,0.0,0,0,0.0,1,52,1.0,0.0
1.0,278,6.5,2.0,7,3,25,0.0,0,0,1.0,1,0,229.0,0.0
1.0,125,4.0,1.0,2,6,94,1.0,1,2,1.0,1,21,1.0,0.0
0.0,203,0.915,2.0,5,3,19,1.0,1,4,0.0,1,0,1584.0,1.0
1.0,183,0.25,2.0,2,4,75,0.0,0,0,1.0,0,135,1.0,0.0
1.0,188,0.08,1.0,6,4,1,1.0,1,1,1.0,1,97,2001.0,1.0
0.0,49,10.335,2.0,12,6,8,1.0,1,1,1.0,1,23,51.0,1.0
1.0,180,1.0,2.0,13,3,19,1.0,1,7,1.0,1,110,4072.0,1.0
1.0,72,11.0,2.0,10,3,57,1.0,1,7,1.0,1,31,810.0,1.0
1.0,289,8.5,2.0,7,6,118,1.0,1,9,0.0,1,63,1656.0,1.0
1.0,241,5.0,2.0,7,3,84,1.0,1,7,0.0,1,0,3066.0,1.0
1.0,48,0.835,1.0,7,3,46,0.0,0,0,1.0,0,85,1.0,0.0
0.0,226,1.5,2.0,0,0,0,0.0,0,0,0.0,1,22,1.0,0.0
0.0,322,19.5,2.0,7,3,92,1.0,1,7,0.0,1,0,3001.0,1.0
0.0,159,3.75,2.0,12,6,16,1.0,1,9,1.0,1,63,1.0,1.0
1.0,63,0.79,2.0,8,3,7,0.0,1,1,0.0,1,135,284.0,0.0
0.0,326,10.0,2.0,10,3,75,1.0,1,14,0.0,1,0,1603.0,1.0
1.0,136,0.375,2.0,7,3,7,0.0,0,0,0.0,1,76,141.0,0.0
0.0,272,4.0,2.0,4,2,0,1.0,0,0,0.0,1,31,961.0,1.0
1.0,51,3.0,1.0,1,3,27,1.0,1,8,1.0,1,52,2.0,1.0
0.0,91,12.5,2.0,5,3,36,1.0,1,12,1.0,1,37,568.0,1.0
0.0,50,0.5,1.0,9,1,25,0.0,0,0,0.0,1,91,1.0,0.0
1.0,90,13.5,1.0,0,0,0,0.0,0,0,0.0,1,64,1.0,0.0
0.0,111,2.71,1.0,7,3,2,0.0,0,0,0.0,0,23,1.0,0.0
1.0,243,0.835,2.0,0,0,0,1.0,0,0,0.0,1,41,2.0,0.0
0.0,222,4.415,2.0,7,3,3,0.0,0,0,0.0,1,52,1.0,0.0
1.0,38,0.585,2.0,0,0,0,0.0,1,3,0.0,1,113,770.0,0.0
1.0,231,9.5,2.0,6,3,98,1.0,1,14,0.0,1,85,4608.0,1.0
1.0,103,0.5,2.0,7,3,35,1.0,1,5,1.0,1,105,1.0,1.0
0.0,273,3.0,2.0,7,3,54,1.0,1,8,1.0,1,128,4160.0,1.0
1.0,39,10.0,1.0,3,6,22,1.0,0,0,1.0,1,44,1.0,0.0
0.0,66,1.25,1.0,0,0,70,0.0,0,0,0.0,1,97,1.0,0.0
1.0,31,3.54,1.0,0,0,0,0.0,0,0,1.0,1,62,2.0,0.0
1.0,338,20.0,2.0,13,6,128,1.0,1,9,1.0,1,0,1001.0,1.0
0.0,10,1.25,2.0,10,3,6,0.0,1,1,0.0,1,33,99.0,0.0
0.0,342,15.0,2.0,9,7,0,1.0,1,14,0.0,1,0,3377.0,1.0
1.0,348,22.29,2.0,9,7,119,1.0,1,1,1.0,1,0,110.0,1.0
0.0,4,2.875,2.0,10,3,2,0.0,0,0,0.0,1,37,1.0,0.0
1.0,196,4.0,2.0,1,4,118,1.0,0,0,1.0,1,64,1.0,0.0
0.0,279,8.0,2.0,9,4,98,1.0,1,6,0.0,1,122,51101.0,1.0
1.0,77,0.0,2.0,7,3,0,0.0,0,0,0.0,2,64,1.0,1.0
1.0,269,1.5,2.0,7,3,57,1.0,0,0,1.0,1,44,1.0,0.0
1.0,1,7.0,2.0,9,3,25,0.0,0,0,0.0,1,160,1.0,0.0
1.0,31,0.415,1.0,7,3,4,0.0,1,1,0.0,1,68,2.0,0.0
1.0,306,6.5,2.0,3,3,97,1.0,1,15,0.0,1,0,11203.0,1.0
1.0,34,0.0,1.0,6,4,0,0.0,0,0,1.0,0,151,2.0,1.0
1.0,21,0.165,2.0,10,5,5,0.0,0,0,0.0,1,68,41.0,1.0
1.0,217,0.835,2.0,9,3,1,0.0,0,0,0.0,1,37,6.0,0.0
1.0,71,1.585,1.0,8,3,66,1.0,1,6,0.0,1,23,1.0,1.0
1.0,282,4.165,2.0,13,4,2,0.0,0,0,1.0,1,155,1.0,0.0
1.0,188,2.5,2.0,7,3,25,0.0,0,0,0.0,1,145,17.0,0.0
0.0,179,1.625,2.0,1,3,14,0.0,0,0,1.0,1,0,1.0,0.0
1.0,260,0.375,1.0,7,3,9,1.0,1,8,1.0,1,101,163.0,1.0
1.0,192,4.04,1.0,2,4,109,1.0,1,7,1.0,1,67,1.0,1.0
1.0,257,3.0,2.0,2,4,25,1.0,0,0,0.0,1,0,201.0,0.0
1.0,24,0.165,2.0,1,3,6,0.0,0,0,1.0,0,97,1.0,0.0
1.0,76,2.5,2.0,0,0,2,0.0,0,0,1.0,1,31,4209.0,0.0
0.0,69,8.46,1.0,13,3,56,0.0,0,0,0.0,1,54,1.0,1.0
1.0,20,0.205,2.0,5,3,1,0.0,0,0,0.0,1,97,751.0,0.0
1.0,26,10.415,1.0,5,3,3,1.0,0,0,0.0,1,37,376.0,0.0
0.0,123,1.5,2.0,6,3,46,1.0,0,0,0.0,0,117,1.0,0.0
0.0,32,9.25,1.0,7,3,25,1.0,1,4,1.0,1,23,501.0,1.0
1.0,71,0.75,2.0,2,3,38,0.0,1,1,1.0,1,130,10.0,0.0
1.0,335,12.75,1.0,7,6,84,1.0,0,0,0.0,1,35,1.0,0.0
0.0,81,9.0,2.0,10,3,109,1.0,1,5,1.0,1,37,1.0,1.0
1.0,200,3.165,2.0,13,6,73,1.0,0,0,1.0,1,162,1.0,0.0
0.0,321,4.25,1.0,0,0,84,0.0,0,0,1.0,1,0,5.0,0.0
0.0,308,0.165,2.0,0,0,0,0.0,0,0,1.0,0,18,28.0,0.0
1.0,245,4.04,2.0,12,6,100,1.0,1,8,0.0,1,106,1.0,1.0
1.0,254,5.04,2.0,10,6,119,1.0,0,0,1.0,1,26,1.0,1.0
1.0,245,1.25,1.0,8,3,6,0.0,0,0,0.0,1,0,196.0,0.0
0.0,185,0.75,2.0,3,4,25,1.0,1,3,1.0,1,74,1.0,0.0
1.0,102,12.5,2.0,12,3,29,1.0,1,22,1.0,1,44,259.0,1.0
1.0,87,6.625,1.0,1,3,92,1.0,0,0,1.0,0,31,1.0,1.0
1.0,79,11.625,1.0,8,3,22,1.0,0,0,1.0,1,52,301.0,1.0
1.0,154,2.5,2.0,12,6,51,0.0,0,0,1.0,0,110,1.0,0.0
1.0,214,4.0,2.0,7,4,84,1.0,0,0,1.0,0,97,1.0,0.0
1.0,109,1.54,2.0,8,3,3,0.0,0,0,0.0,1,31,1.0,0.0
0.0,143,0.665,2.0,8,3,6,0.0,0,0,1.0,1,101,1.0,0.0
0.0,75,1.835,2.0,4,2,0,0.0,1,1,0.0,1,68,54.0,0.0
1.0,13,3.0,2.0,3,3,1,0.0,0,0,1.0,1,52,41.0,0.0
1.0,138,14.79,2.0,5,3,85,1.0,1,5,1.0,1,56,1.0,1.0
0.0,133,3.54,2.0,2,4,13,1.0,0,0,1.0,1,58,1.0,0.0
1.0,193,0.0,2.0,7,3,0,0.0,0,0,0.0,2,64,1.0,0.0
1.0,80,0.585,2.0,7,6,2,1.0,0,0,0.0,1,62,1.0,0.0
1.0,94,11.25,2.0,7,3,57,1.0,1,17,0.0,1,68,1209.0,1.0
0.0,30,7.5,2.0,10,3,61,1.0,1,5,0.0,1,64,26727.0,1.0
1.0,12,0.25,2.0,10,3,8,0.0,1,4,0.0,1,52,9.0,0.0
0.0,6,0.335,2.0,0,0,0,0.0,1,1,0.0,1,52,127.0,0.0
1.0,177,2.5,2.0,5,3,42,0.0,1,2,1.0,1,164,1.0,0.0
0.0,45,10.0,2.0,7,6,25,1.0,1,4,0.0,1,14,1466.0,1.0
0.0,60,1.75,1.0,4,2,0,0.0,0,0,0.0,1,52,1.0,0.0
1.0,180,1.04,2.0,11,6,98,1.0,0,0,1.0,1,54,31286.0,1.0
0.0,98,2.085,2.0,7,6,62,1.0,0,0,1.0,1,116,2.0,0.0
0.0,91,3.0,2.0,10,6,43,1.0,1,18,0.0,1,0,501.0,1.0
1.0,156,0.0,2.0,8,3,30,1.0,1,1,0.0,1,69,1.0,1.0
1.0,49,5.085,1.0,4,3,7,0.0,0,0,0.0,1,44,185.0,0.0
0.0,240,8.125,1.0,3,3,4,0.0,1,2,0.0,1,64,19.0,0.0
1.0,139,1.25,2.0,7,6,6,0.0,1,2,1.0,1,130,109.0,0.0
1.0,243,0.5,1.0,6,3,13,0.0,0,0,1.0,1,41,1.0,0.0
0.0,140,0.46,2.0,3,3,14,1.0,1,4,0.0,1,123,501.0,1.0
1.0,311,0.5,1.0,3,6,74,1.0,0,0,0.0,1,62,315.0,1.0
1.0,187,5.5,1.0,7,3,36,0.0,0,0,1.0,1,17,1.0,0.0
1.0,94,12.0,2.0,3,3,51,1.0,1,2,1.0,1,37,6.0,0.0
0.0,112,2.54,1.0,0,0,0,0.0,0,0,1.0,1,62,61.0,0.0
0.0,179,4.625,2.0,10,6,39,1.0,1,2,0.0,1,0,1.0,1.0
1.0,184,2.165,2.0,7,3,36,0.0,0,0,0.0,2,37,1.0,0.0
1.0,206,5.5,2.0,2,4,84,0.0,0,0,0.0,1,72,688.0,0.0
1.0,37,0.29,2.0,3,3,7,0.0,0,0,0.0,1,97,365.0,0.0
1.0,86,0.875,2.0,10,3,82,1.0,1,2,1.0,1,155,2001.0,1.0
0.0,152,6.5,2.0,7,4,75,1.0,1,7,1.0,1,0,3066.0,1.0
1.0,41,7.0,2.0,7,3,13,0.0,0,0,0.0,1,0,1.0,0.0
1.0,98,0.58,2.0,7,3,7,1.0,1,7,1.0,1,29,5125.0,1.0
1.0,141,4.75,2.0,6,3,46,0.0,1,1,1.0,1,145,69.0,0.0
1.0,261,2.25,2.0,2,4,19,1.0,0,0,0.0,1,158,1.0,0.0
1.0,135,1.165,2.0,3,3,13,1.0,0,0,0.0,0,97,1.0,0.0
1.0,162,3.0,1.0,2,4,100,0.0,0,0,0.0,1,0,2.0,0.0
1.0,44,9.96,2.0,9,1,0,1.0,0,0,0.0,1,0,1.0,1.0
1.0,268,8.5,2.0,12,6,123,1.0,1,1,1.0,1,25,2001.0,1.0
0.0,73,2.29,2.0,10,6,52,1.0,1,7,1.0,1,44,2385.0,1.0
0.0,48,3.0,2.0,10,3,4,1.0,1,3,0.0,1,31,7.0,1.0
1.0,125,1.5,2.0,8,3,51,0.0,1,1,1.0,1,31,4.0,0.0
1.0,243,2.25,1.0,13,6,114,1.0,0,0,1.0,1,60,1.0,0.0
1.0,317,28.0,1.0,7,3,131,1.0,1,21,0.0,1,0,16.0,1.0
0.0,338,0.165,2.0,0,0,0,1.0,1,1,0.0,1,83,101.0,1.0
0.0,68,11.25,1.0,13,6,19,1.0,1,4,0.0,1,0,322.0,1.0
0.0,87,2.5,1.0,2,4,80,0.0,0,0,0.0,1,68,457.0,0.0
0.0,344,6.0,2.0,0,0,0,0.0,0,0,0.0,0,0,1.0,0.0
1.0,202,0.75,2.0,3,3,36,0.0,0,0,1.0,1,82,1.0,0.0
1.0,286,12.0,2.0,6,3,127,1.0,0,0,0.0,0,34,1.0,1.0
0.0,127,15.0,1.0,9,7,0,1.0,0,0,0.0,1,0,13213.0,1.0
1.0,199,2.5,2.0,3,3,80,1.0,1,7,0.0,1,48,1271.0,1.0
1.0,292,7.585,2.0,2,4,104,1.0,1,15,1.0,1,0,5001.0,1.0
1.0,349,5.5,2.0,7,3,14,1.0,0,0,0.0,1,0,341.0,0.0
1.0,138,13.0,2.0,1,6,13,0.0,0,0,0.0,1,80,1.0,0.0
0.0,11,0.5,2.0,2,3,4,0.0,1,6,1.0,1,85,36.0,0.0
0.0,5,0.165,2.0,5,3,25,0.0,1,2,1.0,1,106,2.0,0.0
1.0,332,14.5,2.0,0,0,129,1.0,1,15,1.0,1,0,1001.0,1.0
1.0,126,2.0,2.0,3,6,76,1.0,1,2,1.0,1,63,1.0,1.0
1.0,248,1.54,2.0,2,4,72,0.0,0,0,0.0,1,75,1.0,1.0
1.0,85,9.0,2.0,5,3,6,0.0,0,0,1.0,1,0,1.0,0.0
1.0,89,13.335,1.0,5,3,1,0.0,0,0,1.0,1,37,476.0,0.0
1.0,195,15.0,2.0,11,5,91,1.0,1,9,1.0,1,0,135.0,1.0
1.0,184,1.25,2.0,8,3,28,0.0,0,0,0.0,1,37,1.0,0.0
0.0,242,10.0,2.0,10,6,42,1.0,0,0,0.0,1,7,838.0,1.0
1.0,46,1.835,2.0,7,3,51,1.0,1,1,0.0,1,31,151.0,1.0
1.0,217,1.125,1.0,1,3,36,0.0,0,0,1.0,1,137,1.0,1.0
1.0,287,4.25,2.0,6,3,3,1.0,0,0,1.0,1,79,1.0,1.0
1.0,75,0.75,2.0,6,3,13,0.0,0,0,1.0,0,106,1.0,0.0
1.0,198,3.375,2.0,7,6,108,0.0,0,0,1.0,1,0,1.0,0.0
1.0,9,2.75,2.0,5,3,17,0.0,1,1,0.0,1,23,22.0,0.0
1.0,71,10.5,2.0,10,6,32,1.0,0,0,0.0,1,31,1.0,1.0
0.0,60,11.75,2.0,7,3,6,0.0,0,0,1.0,1,62,1.0,0.0
0.0,95,2.54,1.0,5,3,6,1.0,0,0,1.0,1,119,1.0,1.0
1.0,208,2.125,1.0,8,3,2,1.0,1,1,0.0,1,14,1188.0,1.0
0.0,133,3.75,2.0,7,3,6,0.0,1,1,1.0,1,10,155.0,0.0
1.0,65,12.125,2.0,7,3,71,0.0,1,2,1.0,1,62,174.0,0.0
1.0,189,1.54,2.0,12,3,37,1.0,1,1,1.0,1,155,50001.0,1.0
1.0,198,2.5,2.0,2,3,25,0.0,0,0,1.0,1,72,1.0,0.0
1.0,133,3.625,2.0,5,3,6,0.0,0,0,1.0,1,31,1.0,0.0
0.0,34,5.415,2.0,2,6,7,0.0,0,0,0.0,1,23,485.0,0.0
1.0,78,1.0,2.0,7,3,22,1.0,0,0,0.0,0,101,1.0,1.0
1.0,10,0.125,2.0,7,3,4,0.0,0,0,0.0,1,42,1.0,0.0
0.0,42,0.125,2.0,10,3,25,0.0,1,1,0.0,1,85,769.0,1.0
1.0,67,11.0,2.0,8,3,46,1.0,1,1,0.0,1,23,279.0,1.0
1.0,187,5.085,1.0,2,4,27,0.0,0,0,1.0,1,148,1.0,0.0
0.0,322,0.335,2.0,2,4,25,1.0,0,0,1.0,1,87,2198.0,0.0
1.0,8,0.835,2.0,6,3,2,1.0,0,0,0.0,0,68,1.0,0.0
1.0,176,2.5,2.0,12,6,62,1.0,1,6,0.0,1,52,2073.0,1.0
1.0,285,25.085,2.0,8,3,42,1.0,1,3,0.0,1,37,15.0,1.0
1.0,189,2.75,2.0,2,4,57,0.0,0,0,1.0,1,83,201.0,0.0
1.0,25,1.21,1.0,9,1,0,0.0,0,0,0.0,1,31,1.0,0.0
1.0,265,0.5,2.0,6,3,115,1.0,0,0,0.0,0,130,1.0,0.0
1.0,227,1.75,2.0,3,3,13,0.0,0,0,1.0,1,101,3.0,0.0
1.0,163,0.75,1.0,5,3,72,0.0,0,0,1.0,1,106,1.0,0.0
1.0,95,1.71,2.0,13,3,40,1.0,1,1,1.0,1,127,21.0,1.0
1.0,340,11.0,2.0,9,7,130,1.0,1,7,1.0,1,4,1.0,1.0
1.0,246,0.0,2.0,7,4,125,1.0,0,0,0.0,1,0,1.0,1.0
1.0,159,1.125,2.0,0,0,0,0.0,1,1,0.0,1,29,20.0,0.0
0.0,213,4.71,2.0,0,0,0,0.0,0,0,0.0,1,52,1.0,0.0
1.0,172,7.5,2.0,9,4,38,1.0,0,0,1.0,0,135,1.0,0.0
0.0,167,3.125,2.0,0,0,65,0.0,1,2,1.0,1,68,5.0,0.0
1.0,92,2.75,2.0,7,3,51,1.0,1,6,0.0,1,64,601.0,1.0
1.0,62,0.54,1.0,13,3,1,1.0,1,1,1.0,1,166,60.0,1.0
1.0,190,3.0,2.0,12,6,102,1.0,0,0,1.0,1,0,1.0,1.0
1.0,301,3.0,1.0,0,0,36,0.0,0,0,0.0,1,62,5.0,0.0
0.0,162,1.5,2.0,0,0,0,0.0,1,2,1.0,1,68,106.0,0.0
1.0,223,0.705,2.0,7,3,9,0.0,1,2,0.0,1,79,501.0,0.0
1.0,230,1.71,2.0,13,3,3,1.0,1,5,1.0,1,148,1.0,1.0
1.0,23,2.46,2.0,7,5,24,0.0,1,2,1.0,1,52,588.0,0.0
1.0,228,5.0,2.0,12,3,72,1.0,1,10,1.0,1,0,1.0,1.0
1.0,41,11.045,2.0,7,3,46,0.0,0,0,1.0,1,43,1.0,0.0
1.0,175,2.335,2.0,1,6,94,0.0,0,0,1.0,1,100,1.0,0.0
1.0,28,5.71,2.0,1,3,14,0.0,0,0,0.0,1,37,1.0,0.0
0.0,3,7.625,2.0,10,3,3,0.0,1,1,1.0,1,0,161.0,0.0
1.0,232,5.875,2.0,12,6,114,1.0,1,14,1.0,1,129,1.0,1.0
0.0,38,0.665,2.0,8,3,40,0.0,0,0,0.0,1,76,6.0,0.0
1.0,55,10.5,2.0,7,3,64,1.0,0,0,1.0,1,0,1.0,1.0
0.0,71,0.75,2.0,7,3,46,0.0,1,2,1.0,1,68,395.0,0.0
1.0,102,3.25,2.0,7,6,52,0.0,1,1,1.0,1,134,22.0,0.0
1.0,52,10.085,1.0,9,6,30,0.0,0,0,0.0,1,91,1.0,0.0
0.0,290,1.5,2.0,4,2,0,1.0,0,0,1.0,1,31,28.0,0.0
1.0,48,5.29,2.0,10,3,9,1.0,1,1,0.0,1,52,1.0,0.0
0.0,39,0.21,2.0,10,6,7,1.0,1,11,0.0,1,23,100.0,1.0
1.0,61,0.25,2.0,1,6,17,1.0,0,0,1.0,1,0,1.0,1.0
1.0,115,0.54,2.0,3,0,0,0.0,0,0,0.0,1,31,1.0,0.0
0.0,224,5.0,2.0,12,3,121,1.0,0,0,1.0,1,168,1.0,0.0
0.0,295,12.54,2.0,5,3,52,1.0,1,3,1.0,1,51,1.0,1.0
0.0,2,0.375,2.0,7,3,25,0.0,0,0,0.0,1,37,19.0,0.0
0.0,89,12.75,2.0,7,4,83,1.0,1,2,0.0,1,20,445.0,1.0
1.0,51,4.79,1.0,8,3,51,1.0,1,1,1.0,1,23,301.0,1.0
1.0,64,11.0,2.0,12,3,17,1.0,0,0,0.0,1,31,1.0,1.0
1.0,312,9.415,2.0,0,0,124,1.0,1,11,1.0,1,8,301.0,1.0
1.0,22,5.5,2.0,3,3,13,1.0,0,0,0.0,1,23,1.0,1.0
1.0,212,4.415,1.0,3,3,6,1.0,1,10,1.0,1,106,1.0,1.0
1.0,220,10.125,2.0,13,3,57,1.0,1,6,0.0,1,155,197.0,1.0
1.0,61,1.54,2.0,3,3,2,0.0,0,0,1.0,1,115,1.0,0.0
0.0,302,6.5,2.0,2,4,66,0.0,0,0,1.0,1,20,1.0,0.0
1.0,65,2.25,2.0,2,3,3,0.0,0,0,0.0,1,52,11.0,0.0
1.0,305,1.5,2.0,1,3,73,0.0,0,0,1.0,1,0,351.0,0.0
0.0,334,5.0,2.0,5,3,75,1.0,1,4,0.0,1,0,100.0,1.0
1.0,43,5.625,2.0,8,3,41,1.0,0,0,0.0,0,37,1.0,1.0
1.0,78,4.0,2.0,7,4,6,1.0,0,0,1.0,1,52,1.0,1.0
1.0,206,0.42,1.0,8,3,7,0.0,0,0,1.0,1,103,3.0,0.0
0.0,255,1.75,1.0,7,3,0,0.0,0,0,1.0,1,48,2.0,0.0
1.0,82,0.835,2.0,2,6,2,0.0,0,0,1.0,1,76,6.0,0.0
0.0,204,1.0,2.0,7,3,46,1.0,1,11,0.0,1,0,457.0,1.0
1.0,235,5.0,2.0,0,0,0,0.0,1,2,0.0,1,1,2.0,0.0
0.0,31,4.415,1.0,7,6,64,1.0,0,0,0.0,1,85,1.0,1.0
1.0,119,0.625,2.0,5,3,11,1.0,0,0,1.0,1,68,1.0,0.0
1.0,173,3.0,2.0,1,3,4,0.0,0,0,1.0,1,37,1.0,0.0
1.0,36,1.5,1.0,12,3,46,1.0,0,0,1.0,1,31,21.0,0.0
0.0,70,10.75,2.0,10,3,10,1.0,1,5,1.0,1,0,561.0,1.0
1.0,237,6.21,2.0,10,3,1,1.0,1,1,0.0,1,68,301.0,1.0
1.0,71,0.165,2.0,7,2,51,0.0,0,0,1.0,0,0,1.0,1.0
0.0,80,0.79,1.0,10,3,36,1.0,1,2,1.0,1,23,401.0,1.0
0.0,146,5.29,2.0,9,1,51,1.0,1,5,1.0,1,30,501.0,1.0
0.0,240,7.54,1.0,10,6,107,1.0,1,14,0.0,1,0,2301.0,1.0
0.0,213,5.125,2.0,9,3,84,1.0,0,0,1.0,1,0,4001.0,1.0
1.0,157,2.085,2.0,7,3,2,0.0,0,0,0.0,1,101,1.0,0.0
0.0,96,2.875,2.0,13,6,23,1.0,0,0,0.0,1,116,1.0,1.0
1.0,121,12.5,2.0,5,4,6,0.0,0,0,1.0,1,164,1.0,0.0
1.0,162,4.0,2.0,13,3,84,1.0,1,3,1.0,1,99,2280.0,1.0
1.0,188,6.5,2.0,5,3,3,1.0,0,0,1.0,1,141,1.0,0.0
1.0,64,2.335,2.0,3,3,19,0.0,0,0,0.0,1,62,1.0,0.0
1.0,158,3.085,2.0,7,3,57,0.0,1,2,1.0,1,52,42.0,0.0
1.0,162,0.5,2.0,7,4,22,1.0,0,0,1.0,0,106,1.0,0.0
1.0,5,3.125,2.0,8,3,2,0.0,1,1,0.0,1,0,7.0,0.0
1.0,119,1.665,2.0,12,6,86,1.0,1,9,0.0,1,129,828.0,1.0
1.0,96,3.0,2.0,7,3,30,0.0,1,1,0.0,1,0,23.0,0.0
1.0,341,5.5,2.0,9,7,120,1.0,1,1,1.0,1,0,1.0,1.0
0.0,31,9.5,2.0,8,3,39,1.0,1,6,1.0,1,10,601.0,1.0
0.0,119,0.29,2.0,6,6,3,0.0,1,1,1.0,1,94,109.0,0.0
0.0,38,0.665,1.0,7,3,25,0.0,1,1,0.0,1,170,3.0,0.0
1.0,155,1.585,2.0,1,3,15,0.0,0,0,1.0,0,0,1.0,0.0
0.0,296,0.835,2.0,5,3,13,0.0,0,0,1.0,1,85,118.0,0.0
1.0,158,1.5,1.0,8,3,1,0.0,0,0,0.0,0,52,1.0,0.0
1.0,300,15.0,2.0,7,3,109,1.0,1,9,0.0,1,0,1.0,1.0
0.0,211,0.29,2.0,0,0,0,0.0,1,10,0.0,1,68,19.0,0.0
1.0,183,2.75,2.0,6,3,77,1.0,1,6,0.0,1,70,1.0,1.0
0.0,50,3.0,2.0,5,3,1,1.0,0,0,0.0,1,31,1.0,1.0
1.0,206,18.125,2.0,8,3,2,0.0,0,0,0.0,1,106,3553.0,0.0
1.0,297,0.585,2.0,0,0,0,0.0,0,0,0.0,1,47,1.0,0.0
0.0,82,0.83,2.0,10,3,10,0.0,1,1,1.0,1,68,12.0,0.0
1.0,199,4.5,2.0,13,6,94,0.0,0,0,1.0,0,163,1.0,1.0
0.0,327,21.0,2.0,2,4,114,1.0,1,13,0.0,1,0,6701.0,1.0
1.0,129,0.875,2.0,6,3,24,1.0,1,3,1.0,1,128,1.0,1.0
1.0,162,0.625,2.0,3,3,6,0.0,0,0,0.0,1,123,2011.0,0.0
0.0,165,3.0,1.0,4,2,0,0.0,0,0,0.0,1,52,21.0,0.0
1.0,36,6.5,2.0,8,6,35,1.0,1,7,0.0,1,23,2955.0,1.0
1.0,229,6.0,2.0,6,3,31,1.0,1,5,1.0,1,33,1098.0,1.0
1.0,12,3.29,2.0,2,3,8,0.0,0,0,1.0,1,44,3.0,0.0
1.0,267,7.0,1.0,7,3,39,0.0,0,0,0.0,1,52,3.0,0.0
1.0,8,0.0,1.0,5,3,6,0.0,0,0,0.0,1,17,1.0,0.0
0.0,245,6.5,2.0,10,3,13,1.0,1,3,1.0,1,47,1.0,1.0
1.0,136,15.0,2.0,7,6,90,1.0,1,11,0.0,1,0,2284.0,1.0
0.0,108,2.0,2.0,4,2,0,0.0,0,0,1.0,1,96,2.0,0.0
1.0,224,3.335,2.0,8,3,75,1.0,1,14,0.0,1,125,1345.0,1.0
1.0,96,6.0,2.0,7,3,25,1.0,1,3,0.0,1,0,1.0,1.0
0.0,128,0.375,2.0,10,3,15,1.0,1,4,0.0,1,23,1.0,1.0
1.0,346,17.75,2.0,0,0,0,1.0,0,0,1.0,1,0,1.0,1.0
1.0,69,11.5,1.0,6,3,36,0.0,0,0,1.0,1,0,4001.0,0.0
0.0,118,1.25,2.0,0,0,0,0.0,1,1,0.0,1,26,301.0,0.0
0.0,34,8.585,2.0,12,6,19,1.0,1,7,0.0,1,29,1.0,1.0
0.0,101,0.0,2.0,7,3,0,0.0,0,0,0.0,2,64,1.0,1.0
1.0,162,0.04,1.0,1,3,77,0.0,0,0,1.0,1,145,1.0,0.0
0.0,69,8.5,2.0,10,3,42,1.0,1,10,0.0,1,23,991.0,0.0
0.0,74,1.25,2.0,10,3,6,0.0,0,0,1.0,1,37,810.0,0.0
1.0,78,12.625,2.0,7,3,3,0.0,1,2,0.0,1,0,5553.0,0.0
0.0,140,1.085,1.0,13,3,25,0.0,0,0,0.0,1,97,14.0,0.0
0.0,168,6.0,2.0,1,3,30,0.0,0,0,0.0,1,94,1.0,0.0
1.0,117,1.5,1.0,8,3,9,1.0,0,0,1.0,1,91,1066.0,1.0
1.0,35,10.915,2.0,7,4,15,0.0,1,2,1.0,1,68,8.0,0.0
1.0,203,2.415,2.0,8,3,3,0.0,1,2,0.0,1,76,2.0,0.0
1.0,31,0.0,2.0,10,3,17,0.0,0,0,0.0,1,52,2.0,0.0
0.0,135,3.75,2.0,7,3,27,1.0,1,1,1.0,1,120,1.0,1.0
1.0,191,4.25,2.0,2,4,70,1.0,1,2,0.0,1,95,611.0,1.0
0.0,181,3.0,1.0,5,3,46,0.0,0,0,0.0,1,62,1.0,0.0
1.0,309,9.625,2.0,9,3,111,1.0,1,5,0.0,1,0,1.0,1.0
1.0,97,1.0,2.0,5,3,13,0.0,0,0,0.0,1,68,1.0,0.0
1.0,173,2.165,1.0,3,0,0,0.0,0,0,0.0,1,37,1.0,0.0
0.0,52,5.0,1.0,0,0,0,0.0,0,0,0.0,1,0,1.0,0.0
0.0,318,16.0,2.0,4,0,0,1.0,1,15,0.0,1,0,248.0,1.0
1.0,171,0.165,1.0,7,6,70,1.0,1,1,1.0,1,138,8001.0,1.0
0.0,47,11.835,2.0,7,6,95,1.0,0,0,0.0,1,110,1.0,1.0
0.0,149,5.5,2.0,3,3,92,0.0,0,0,1.0,0,31,1.0,0.0
0.0,90,0.67,2.0,5,6,42,1.0,0,0,0.0,1,130,1.0,0.0
1.0,77,11.125,2.0,13,6,12,1.0,1,1,0.0,1,31,1.0,1.0
0.0,162,11.25,2.0,0,0,0,0.0,0,0,0.0,1,64,5201.0,0.0
0.0,172,0.54,2.0,12,3,1,1.0,0,0,0.0,1,140,11178.0,1.0
1.0,84,1.5,2.0,1,6,44,1.0,1,6,0.0,1,68,328.0,1.0
1.0,213,0.125,1.0,7,3,36,0.0,0,0,1.0,1,83,114.0,1.0
1.0,144,1.25,1.0,3,3,6,0.0,0,0,0.0,1,78,1.0,0.0
0.0,85,0.5,2.0,10,6,30,1.0,1,1,0.0,1,0,679.0,1.0
1.0,53,0.25,1.0,7,6,6,0.0,0,0,0.0,1,97,205.0,0.0
1.0,161,15.5,2.0,7,3,13,1.0,0,0,0.0,1,37,1.0,0.0
1.0,73,3.0,2.0,6,3,31,1.0,1,1,0.0,1,91,801.0,1.0
1.0,217,1.75,1.0,7,4,6,1.0,0,0,1.0,1,54,401.0,0.0
0.0,92,4.5,2.0,8,3,25,0.0,0,0,1.0,1,116,7.0,0.0
1.0,208,3.79,2.0,8,3,28,1.0,0,0,1.0,1,68,1.0,0.0
0.0,277,0.75,2.0,10,6,62,1.0,1,1,0.0,1,109,893.0,1.0
1.0,169,4.0,1.0,12,3,36,0.0,0,0,1.0,1,37,1.0,0.0
0.0,153,10.665,2.0,10,6,2,0.0,1,12,1.0,1,40,4.0,0.0
1.0,125,1.54,2.0,8,3,73,1.0,1,5,1.0,1,31,4.0,1.0
1.0,313,15.5,2.0,9,7,0,1.0,1,19,0.0,1,49,131.0,0.0
1.0,6,0.75,2.0,7,3,42,1.0,1,5,1.0,1,114,691.0,1.0
1.0,90,12.5,2.0,8,3,23,1.0,0,0,1.0,1,91,1.0,0.0
1.0,174,5.5,2.0,10,6,92,1.0,1,12,1.0,1,131,1001.0,1.0
1.0,148,0.5,2.0,7,3,42,1.0,1,11,0.0,1,9,541.0,1.0
1.0,66,0.46,2.0,3,3,3,0.0,0,0,1.0,1,97,56.0,0.0
1.0,250,0.96,2.0,13,3,57,1.0,0,0,0.0,1,152,601.0,1.0
1.0,212,2.0,2.0,2,3,6,0.0,0,0,1.0,1,77,1.0,0.0
1.0,104,12.835,2.0,12,3,13,0.0,0,0,0.0,1,0,3.0,0.0
1.0,145,1.835,2.0,7,6,79,1.0,0,0,0.0,1,91,201.0,1.0
1.0,42,0.25,2.0,10,3,3,0.0,0,0,0.0,1,68,1.0,0.0
1.0,39,0.375,2.0,10,3,46,1.0,1,2,1.0,1,23,1.0,1.0
1.0,299,0.04,2.0,13,6,1,1.0,0,0,0.0,1,0,3001.0,1.0
1.0,336,7.0,2.0,9,7,0,0.0,0,0,0.0,1,0,13.0,0.0
1.0,241,3.29,2.0,6,3,72,0.0,0,0,1.0,0,130,1.0,0.0
0.0,9,0.21,2.0,5,3,3,0.0,0,0,0.0,1,68,2.0,0.0
1.0,140,0.58,2.0,8,3,7,0.0,1,1,0.0,1,110,2804.0,0.0
1.0,187,4.5,2.0,5,3,25,1.0,0,0,1.0,1,85,1.0,0.0
0.0,345,0.0,2.0,7,3,0,0.0,0,0,0.0,2,64,1.0,1.0
1.0,252,0.205,2.0,2,6,87,1.0,0,0,0.0,1,130,1.0,1.0
0.0,69,11.0,1.0,10,3,64,1.0,0,0,1.0,1,93,1.0,0.0
1.0,88,2.0,2.0,9,1,4,0.0,1,2,0.0,1,106,1301.0,0.0
1.0,266,0.5,2.0,2,6,84,1.0,0,0,1.0,1,106,1.0,1.0
0.0,75,11.75,2.0,13,6,13,1.0,1,2,1.0,1,101,552.0,1.0
1.0,191,1.335,2.0,2,4,3,0.0,0,0,1.0,1,140,4501.0,0.0
1.0,76,11.5,2.0,2,3,72,1.0,1,9,0.0,1,16,743.0,1.0
1.0,105,0.875,2.0,3,3,9,0.0,1,2,1.0,1,59,4.0,0.0
0.0,17,9.0,2.0,5,3,33,1.0,0,0,1.0,1,0,1.0,1.0
1.0,46,1.085,2.0,10,3,36,0.0,0,0,0.0,1,33,8.0,0.0
1.0,164,16.165,2.0,1,3,64,1.0,1,9,0.0,1,86,731.0,1.0
0.0,324,2.0,2.0,0,0,98,0.0,1,1,0.0,1,0,11.0,0.0
1.0,331,1.54,2.0,10,3,3,1.0,0,0,1.0,1,91,1.0,1.0
0.0,339,14.0,2.0,0,0,0,1.0,1,11,1.0,1,0,1401.0,1.0
1.0,147,1.04,1.0,2,4,13,1.0,1,10,1.0,1,42,29.0,0.0
1.0,288,6.5,2.0,10,6,95,1.0,0,0,1.0,1,113,1.0,1.0
0.0,82,11.5,1.0,3,6,64,0.0,0,0,1.0,1,2,17.0,0.0
1.0,43,9.25,2.0,7,3,40,1.0,1,3,1.0,1,10,29.0,1.0
1.0,284,7.625,2.0,8,6,126,1.0,1,12,0.0,1,0,791.0,1.0
1.0,78,1.5,2.0,10,3,54,1.0,1,3,1.0,1,0,583.0,1.0
1.0,171,14.0,1.0,0,0,0,0.0,1,2,0.0,1,52,2.0,0.0
1.0,183,0.335,1.0,12,3,2,0.0,0,0,0.0,1,62,1.0,0.0
1.0,82,0.46,1.0,8,3,60,1.0,1,6,1.0,1,71,348.0,0.0
1.0,11,0.335,1.0,3,3,7,0.0,0,0,0.0,0,68,1.0,0.0
0.0,50,8.5,2.0,7,3,4,0.0,0,0,0.0,1,0,352.0,0.0
0.0,333,16.5,2.0,10,3,116,1.0,0,0,1.0,1,3,10562.0,1.0
1.0,162,5.0,1.0,5,3,109,1.0,0,0,0.0,1,0,1.0,0.0
0.0,94,12.33,2.0,12,6,72,1.0,1,6,0.0,1,130,459.0,1.0
1.0,57,9.75,2.0,7,3,6,1.0,0,0,0.0,1,44,1.0,0.0
1.0,46,0.0,2.0,7,3,0,0.0,0,0,0.0,2,64,1.0,0.0
0.0,97,13.5,1.0,0,0,46,0.0,1,1,1.0,1,68,2.0,0.0
1.0,258,4.625,2.0,10,3,81,1.0,0,0,0.0,0,0,1.0,1.0
1.0,113,1.75,1.0,7,3,25,1.0,1,5,1.0,1,52,5778.0,1.0
1.0,325,7.04,2.0,6,3,123,1.0,1,6,1.0,1,116,1333.0,1.0
1.0,315,11.5,2.0,0,0,84,1.0,1,5,0.0,1,0,8852.0,1.0
1.0,298,10.0,2.0,2,4,0,1.0,1,11,0.0,1,0,1250.0,1.0
1.0,236,0.5,2.0,6,3,6,1.0,0,0,0.0,0,98,1.0,0.0
1.0,122,2.04,1.0,5,3,46,1.0,1,3,1.0,1,119,561.0,1.0
1.0,148,6.5,2.0,12,3,67,1.0,1,8,0.0,1,108,1201.0,1.0
1.0,301,2.04,1.0,0,0,36,0.0,0,0,0.0,1,37,2.0,0.0
0.0,94,11.0,1.0,5,3,80,1.0,0,0,0.0,1,37,1.0,0.0
1.0,142,0.75,1.0,7,3,1,0.0,0,0,0.0,1,85,1.0,0.0
0.0,184,0.375,2.0,12,3,9,0.0,0,0,0.0,1,101,45.0,1.0
1.0,103,0.75,2.0,7,4,6,1.0,0,0,0.0,1,112,24.0,1.0
0.0,134,1.04,2.0,7,3,57,1.0,1,5,1.0,1,101,1431.0,1.0
0.0,22,0.375,3.0,12,0,114,0.0,0,0,1.0,0,101,1.0,1.0
1.0,46,7.0,2.0,7,3,39,1.0,1,3,0.0,1,68,1392.0,1.0
1.0,16,22.0,3.0,0,5,0,0.0,0,0,1.0,2,142,100001.0,1.0
1.0,22,6.75,1.0,6,3,1,0.0,0,0,0.0,1,44,1.0,0.0
1.0,280,2.5,2.0,6,4,57,1.0,1,12,1.0,1,132,2511.0,1.0
1.0,323,8.5,2.0,9,6,100,1.0,1,3,0.0,1,0,1.0,1.0
1.0,0,4.0,1.0,8,3,42,1.0,1,2,1.0,1,37,1001.0,1.0
1.0,35,9.5,2.0,10,3,25,1.0,0,0,1.0,1,17,401.0,1.0
0.0,62,11.665,2.0,3,6,2,0.0,0,0,0.0,1,106,6.0,0.0
1.0,17,10.0,2.0,8,6,4,0.0,1,1,0.0,1,37,2.0,0.0
1.0,196,2.5,1.0,8,3,64,0.0,0,0,0.0,0,68,1.0,0.0
1.0,137,3.5,2.0,8,3,72,1.0,1,3,1.0,1,107,1.0,0.0
1.0,56,0.75,1.0,11,5,19,0.0,0,0,1.0,1,42,3.0,0.0
1.0,23,10.25,2.0,7,6,27,0.0,0,0,0.0,1,106,14.0,0.0
1.0,126,3.0,2.0,8,3,19,0.0,0,0,1.0,1,101,68.0,0.0
0.0,271,10.5,2.0,10,3,84,1.0,1,7,1.0,1,0,1.0,1.0
1.0,72,11.5,2.0,2,3,10,0.0,0,0,0.0,1,0,1.0,0.0
0.0,162,3.5,2.0,1,3,64,1.0,0,0,1.0,1,101,1.0,0.0
0.0,46,7.5,2.0,3,3,36,1.0,1,1,0.0,1,52,235.0,1.0
0.0,54,2.335,2.0,2,4,13,1.0,1,4,0.0,0,23,1.0,1.0
1.0,113,4.25,2.0,12,3,78,1.0,1,1,1.0,1,37,1.0,1.0
0.0,120,1.665,2.0,0,0,0,0.0,0,0,0.0,1,110,2.0,0.0
1.0,253,1.04,2.0,8,3,84,1.0,1,6,1.0,1,151,10001.0,1.0
0.0,24,10.0,2.0,8,3,25,0.0,1,1,0.0,1,37,2.0,0.0
0.0,132,1.0,2.0,10,3,25,1.0,1,2,1.0,1,55,501.0,0.0
0.0,57,6.0,2.0,5,3,57,1.0,1,3,0.0,1,23,919.0,1.0
1.0,61,11.0,2.0,13,3,7,1.0,1,6,0.0,1,38,1.0,1.0
1.0,62,0.5,2.0,7,3,3,0.0,0,0,0.0,1,116,1.0,0.0
1.0,174,9.0,1.0,8,6,89,1.0,0,0,1.0,1,50,1.0,1.0
0.0,270,1.0,2.0,10,3,3,0.0,0,0,1.0,1,92,1.0,0.0
0.0,82,0.585,1.0,0,0,3,0.0,0,0,0.0,1,37,88.0,0.0
0.0,20,0.54,2.0,7,3,42,0.0,1,1,1.0,1,23,6.0,0.0
1.0,178,2.5,1.0,8,3,100,0.0,0,0,1.0,1,97,1.0,0.0
0.0,71,0.335,2.0,10,3,19,0.0,0,0,0.0,0,52,1.0,0.0
1.0,194,1.08,2.0,6,3,28,0.0,0,0,0.0,0,6,1.0,0.0
1.0,142,1.415,2.0,8,6,19,1.0,1,1,0.0,1,85,101.0,1.0
1.0,166,2.5,2.0,5,3,103,1.0,0,0,1.0,1,156,1.0,0.0
0.0,48,1.835,2.0,10,3,48,1.0,1,5,0.0,1,76,2504.0,1.0
1.0,185,2.75,2.0,2,4,0,0.0,0,0,0.0,1,62,1.0,0.0
1.0,64,0.83,2.0,7,6,50,0.0,0,0,1.0,1,39,1.0,1.0
0.0,201,12.0,2.0,10,6,123,1.0,1,8,0.0,1,0,6591.0,1.0
1.0,167,4.46,2.0,12,6,96,1.0,1,3,0.0,1,104,301.0,1.0
0.0,71,0.79,2.0,2,3,2,0.0,0,0,0.0,1,46,1.0,0.0
1.0,113,14.585,2.0,2,4,0,0.0,0,0,1.0,1,61,1.0,0.0
1.0,263,2.0,2.0,6,3,42,1.0,1,2,1.0,1,0,16.0,1.0
1.0,148,1.085,1.0,7,3,1,0.0,0,0,0.0,1,57,180.0,0.0
1.0,219,7.0,2.0,10,6,117,1.0,1,7,1.0,1,101,6.0,0.0
1.0,12,0.085,1.0,7,3,1,0.0,0,0,0.0,1,44,723.0,0.0
1.0,291,2.29,2.0,0,0,7,0.0,0,0,0.0,1,68,4.0,0.0
1.0,74,0.17,2.0,6,3,2,0.0,0,0,0.0,0,0,1.0,0.0
0.0,196,1.25,1.0,2,6,13,0.0,0,0,1.0,1,52,1.0,0.0
1.0,265,11.0,1.0,1,3,36,1.0,0,0,0.0,0,0,1.0,0.0
1.0,330,2.75,2.0,8,3,42,1.0,1,5,1.0,1,17,59.0,1.0
1.0,100,0.375,2.0,6,3,6,1.0,1,3,0.0,1,91,15109.0,1.0
0.0,249,1.04,2.0,5,3,17,0.0,0,0,0.0,1,85,238.0,0.0
1.0,293,19.0,2.0,0,0,0,1.0,1,1,0.0,1,28,1.0,0.0
0.0,186,1.585,1.0,0,0,0,1.0,0,0,0.0,1,106,1.0,0.0
1.0,34,4.0,1.0,2,3,25,0.0,0,0,1.0,1,116,1001.0,0.0
0.0,89,2.415,1.0,7,3,0,0.0,0,0,0.0,1,37,1.0,0.0
1.0,79,1.5,2.0,7,6,34,1.0,0,0,0.0,1,136,201.0,1.0
1.0,343,9.0,2.0,0,0,75,0.0,1,1,0.0,1,19,7.0,0.0
1.0,280,0.29,2.0,7,4,125,1.0,1,19,0.0,1,0,15001.0,1.0
0.0,181,2.5,1.0,7,3,57,0.0,0,0,1.0,1,0,3.0,0.0
1.0,262,3.0,2.0,10,6,95,1.0,1,11,0.0,1,23,1.0,1.0
1.0,75,0.625,1.0,5,3,3,1.0,0,0,0.0,1,62,2.0,0.0
1.0,195,2.5,2.0,12,4,13,0.0,0,0,0.0,1,111,1.0,0.0
1.0,319,18.5,2.0,1,4,125,1.0,1,17,1.0,1,0,1.0,1.0
0.0,264,6.665,2.0,10,3,101,1.0,1,3,1.0,1,0,1.0,1.0
0.0,266,0.0,2.0,7,3,57,1.0,0,0,0.0,1,0,1.0,1.0
1.0,190,1.75,2.0,8,4,6,1.0,0,0,1.0,1,53,1.0,0.0
0.0,268,4.585,2.0,3,6,25,0.0,0,0,1.0,0,85,1.0,0.0
1.0,153,2.71,1.0,6,3,3,0.0,0,0,1.0,0,23,1.0,0.0
1.0,123,0.75,2.0,10,6,4,0.0,0,0,1.0,1,76,252.0,0.0
1.0,36,7.25,2.0,6,3,1,0.0,1,1,0.0,1,31,2.0,0.0
0.0,246,1.0,2.0,2,4,51,1.0,0,0,1.0,1,0,301.0,1.0
0.0,81,1.5,2.0,8,3,23,0.0,0,0,1.0,1,52,1.0,0.0
1.0,164,0.83,2.0,13,3,32,1.0,1,8,1.0,1,102,3291.0,1.0
0.0,19,11.0,2.0,13,6,25,1.0,1,11,0.0,1,0,3001.0,1.0
0.0,180,2.25,1.0,12,3,72,0.0,0,0,1.0,1,68,142.0,0.0
0.0,306,7.0,2.0,5,6,64,0.0,0,0,0.0,1,0,1.0,0.0
0.0,99,1.125,2.0,10,3,31,1.0,1,2,0.0,1,68,1.0,0.0
1.0,241,1.5,2.0,2,4,0,0.0,0,0,0.0,0,101,1.0,0.0
1.0,84,0.585,1.0,12,6,3,0.0,0,0,0.0,1,85,2.0,0.0
1.0,316,12.5,2.0,3,6,107,1.0,0,0,1.0,1,5,2029.0,1.0
0.0,132,3.04,1.0,13,6,58,1.0,1,1,0.0,1,19,1.0,1.0
1.0,169,4.0,2.0,6,3,57,1.0,0,0,1.0,1,116,1.0,1.0
1.0,53,0.875,1.0,7,6,6,0.0,0,0,0.0,1,97,205.0,0.0
1.0,189,9.17,2.0,7,3,80,1.0,1,12,1.0,1,0,222.0,1.0
1.0,262,25.21,2.0,10,6,5,1.0,1,1,0.0,1,165,91.0,0.0
0.0,221,6.0,2.0,3,3,25,1.0,0,0,1.0,1,0,1.0,1.0
1.0,216,2.04,2.0,8,3,1,1.0,0,0,1.0,1,130,5801.0,1.0
1.0,144,2.04,1.0,13,6,1,0.0,0,0,0.0,1,39,2.0,0.0
1.0,215,2.665,2.0,12,3,4,0.0,0,0,1.0,1,0,502.0,0.0
1.0,160,19.5,2.0,7,3,100,1.0,1,16,0.0,1,0,5001.0,1.0
1.0,205,2.54,2.0,0,0,0,0.0,0,0,0.0,1,0,1001.0,0.0
1.0,47,2.415,2.0,7,3,46,1.0,1,11,1.0,1,68,3001.0,1.0
1.0,276,5.835,2.0,8,3,92,0.0,0,0,0.0,1,146,151.0,0.0
1.0,63,7.835,1.0,2,4,4,0.0,0,0,1.0,1,64,1.0,0.0
1.0,47,10.0,1.0,7,3,57,1.0,0,0,0.0,0,10,1.0,1.0
1.0,197,2.5,2.0,8,3,0,1.0,0,0,1.0,1,84,201.0,1.0
1.0,85,0.875,2.0,6,3,2,0.0,1,4,0.0,1,89,1951.0,0.0
1.0,215,6.5,2.0,6,6,77,1.0,1,12,1.0,1,27,1.0,1.0
0.0,49,9.54,2.0,2,3,1,0.0,0,0,0.0,1,68,1001.0,0.0
1.0,212,3.25,2.0,10,6,112,1.0,0,0,1.0,1,32,640.0,1.0
1.0,70,10.04,2.0,13,3,1,1.0,1,9,0.0,1,17,397.0,1.0
0.0,116,13.5,2.0,10,6,84,1.0,1,2,0.0,1,0,5001.0,1.0
0.0,274,0.46,2.0,12,6,10,1.0,1,11,1.0,1,140,7.0,1.0
0.0,303,0.0,1.0,0,0,0,0.0,0,0,0.0,1,0,1.0,0.0
1.0,230,2.5,1.0,2,6,114,0.0,0,0,1.0,0,68,1.0,0.0
1.0,230,1.625,2.0,7,3,36,1.0,1,10,0.0,1,65,4701.0,1.0
0.0,123,2.04,2.0,8,3,6,0.0,0,0,1.0,1,62,51.0,0.0
1.0,34,9.5,2.0,8,3,36,1.0,0,0,0.0,1,37,2207.0,1.0
1.0,234,4.25,2.0,7,4,98,1.0,1,16,0.0,1,36,1211.0,1.0
1.0,209,0.75,1.0,1,3,15,0.0,0,0,0.0,1,85,4.0,0.0
1.0,108,0.25,2.0,2,4,0,1.0,0,0,1.0,1,0,1.0,1.0
1.0,233,1.71,1.0,6,3,4,0.0,0,0,0.0,0,130,1.0,0.0
1.0,251,0.42,2.0,7,6,5,1.0,1,6,0.0,1,76,949.0,1.0
1.0,55,7.5,2.0,5,3,34,1.0,1,1,0.0,1,23,9801.0,1.0
0.0,42,1.25,2.0,7,3,0,0.0,0,0,0.0,1,0,1.0,0.0
0.0,122,3.0,2.0,6,3,63,0.0,1,1,1.0,1,97,11.0,0.0
1.0,58,0.79,1.0,12,3,17,0.0,0,0,0.0,1,52,1.0,0.0
1.0,129,5.125,2.0,13,3,83,1.0,1,2,0.0,1,135,8.0,1.0
1.0,116,2.25,2.0,2,4,13,0.0,0,0,1.0,1,161,4001.0,0.0
0.0,26,9.25,2.0,10,3,29,1.0,1,4,0.0,1,17,541.0,1.0
0.0,78,5.875,2.0,10,3,69,1.0,1,10,0.0,1,37,246.0,1.0
1.0,82,1.79,2.0,7,3,14,0.0,0,0,1.0,1,43,2.0,0.0
1.0,130,5.0,2.0,8,3,116,1.0,0,0,1.0,1,19,1.0,1.0
1.0,102,2.21,1.0,5,3,75,1.0,0,0,0.0,1,66,1.0,0.0
0.0,133,1.665,2.0,10,3,55,1.0,0,0,1.0,1,140,1.0,0.0
1.0,74,3.165,1.0,7,3,4,0.0,0,0,0.0,1,52,1059.0,0.0
0.0,89,1.04,1.0,0,0,13,1.0,1,3,0.0,1,62,148.0,0.0
1.0,91,0.54,2.0,6,3,25,0.0,0,0,1.0,1,37,2.0,0.0
1.0,168,1.75,1.0,9,6,1,1.0,0,0,1.0,1,126,1.0,1.0
1.0,283,3.75,2.0,2,4,25,0.0,0,0,0.0,1,31,3.0,0.0
0.0,131,3.5,2.0,8,3,22,1.0,0,0,0.0,0,97,1.0,1.0
1.0,99,0.54,2.0,8,3,4,0.0,1,1,0.0,1,94,445.0,0.0
1.0,28,10.29,2.0,0,0,10,0.0,0,0,0.0,1,23,1.0,0.0
1.0,59,1.165,1.0,3,3,57,1.0,1,1,0.0,1,62,21.0,0.0
1.0,90,1.25,2.0,7,3,6,0.0,0,0,0.0,1,34,1.0,0.0
1.0,9,4.085,2.0,2,6,10,0.0,0,0,1.0,1,37,1.0,0.0
1.0,114,2.0,2.0,1,3,19,0.0,0,0,1.0,1,23,1.0,0.0
1.0,284,3.5,2.0,5,3,72,1.0,0,0,0.0,0,81,1.0,1.0
1.0,81,2.75,2.0,0,0,80,0.0,0,0,0.0,1,52,26.0,0.0
0.0,244,2.04,1.0,10,6,3,1.0,1,20,1.0,1,144,1237.0,1.0
1.0,199,25.125,2.0,13,6,39,1.0,1,1,1.0,1,153,501.0,1.0
1.0,83,12.0,2.0,7,3,48,0.0,0,0,0.0,0,23,1.0,0.0
1.0,29,5.0,2.0,10,3,9,1.0,1,2,0.0,1,0,39.0,0.0
1.0,150,0.5,2.0,1,6,2,0.0,0,0,1.0,0,87,1.0,0.0
0.0,40,0.75,2.0,7,3,21,1.0,1,5,1.0,1,44,6.0,0.0
1.0,108,0.835,2.0,12,3,28,0.0,0,0,0.0,1,31,1.0,0.0
1.0,135,1.5,1.0,7,3,36,1.0,0,0,1.0,1,0,226.0,0.0
1.0,134,9.335,2.0,10,6,93,1.0,1,6,0.0,1,124,169.0,1.0
1.0,106,1.0,2.0,10,3,42,1.0,0,0,1.0,1,97,1.0,1.0
1.0,81,3.165,1.0,3,3,10,0.0,1,1,1.0,1,97,81.0,0.0
1.0,110,13.0,2.0,9,1,0,0.0,0,0,1.0,1,44,1111.0,0.0
1.0,310,6.75,2.0,7,6,60,1.0,1,11,1.0,1,0,285.0,1.0
1.0,162,0.375,2.0,1,3,23,1.0,0,0,1.0,0,167,1.0,0.0
0.0,97,12.5,2.0,1,3,25,0.0,0,0,1.0,1,62,1063.0,0.0
1.0,180,3.165,1.0,13,3,68,1.0,1,3,1.0,1,123,1.0,1.0
1.0,234,1.625,2.0,7,3,36,0.0,0,0,0.0,1,0,317.0,0.0
0.0,18,0.0,1.0,4,0,0,0.0,0,0,0.0,1,24,1.0,0.0
1.0,84,0.665,2.0,7,3,4,0.0,0,0,0.0,1,31,1.0,1.0
1.0,113,2.71,1.0,12,3,89,1.0,1,1,0.0,1,73,1.0,1.0
0.0,69,0.415,2.0,2,3,8,0.0,0,0,1.0,0,46,1.0,0.0
1.0,237,0.54,1.0,5,3,13,1.0,1,3,0.0,1,68,1001.0,1.0
0.0,107,8.665,2.0,5,3,34,1.0,0,0,0.0,1,52,151.0,1.0
1.0,41,0.0,2.0,1,3,13,0.0,0,0,0.0,1,46,1.0,0.0
1.0,162,4.0,1.0,2,3,2,0.0,0,0,1.0,1,133,1.0,0.0
1.0,114,4.5,1.0,7,4,57,0.0,0,0,0.0,1,68,1211.0,0.0
0.0,93,1.25,2.0,0,0,0,1.0,0,0,0.0,1,23,1.0,0.0
0.0,171,1.5,2.0,7,3,6,0.0,0,0,1.0,1,121,123.0,0.0
1.0,18,4.46,2.0,7,3,6,0.0,0,0,0.0,0,23,1.0,0.0
0.0,219,5.5,2.0,10,3,3,1.0,0,0,1.0,1,80,1.0,1.0
1.0,71,2.54,1.0,7,6,59,1.0,0,0,0.0,1,0,1.0,1.0
0.0,20,10.21,2.0,0,0,0,0.0,0,0,0.0,1,0,51.0,0.0
1.0,88,12.335,2.0,10,6,38,1.0,0,0,1.0,1,37,1.0,1.0
0.0,103,0.5,2.0,7,6,23,1.0,0,0,1.0,1,150,1.0,1.0
1.0,108,12.5,1.0,3,6,30,0.0,0,0,1.0,1,0,18.0,0.0
0.0,72,6.165,2.0,5,3,4,0.0,0,0,0.0,1,76,1001.0,0.0
1.0,75,0.75,2.0,6,3,13,1.0,0,0,1.0,0,106,1.0,0.0
1.0,102,0.29,1.0,7,3,36,0.0,0,0,1.0,1,52,1.0,0.0
1.0,288,0.205,1.0,3,3,6,1.0,1,11,0.0,1,123,2733.0,1.0
1.0,53,0.0,2.0,7,3,13,0.0,0,0,1.0,0,0,1.0,0.0
1.0,200,16.5,1.0,7,3,75,1.0,0,0,0.0,1,23,1.0,0.0
0.0,74,11.585,2.0,12,3,1,1.0,0,0,0.0,1,23,1350.0,1.0
0.0,284,1.335,2.0,2,5,8,0.0,0,0,0.0,1,0,121.0,0.0
1.0,259,0.29,1.0,12,6,42,1.0,1,8,0.0,1,31,376.0,1.0
1.0,162,10.5,2.0,13,3,98,1.0,0,0,0.0,1,0,1.0,1.0
1.0,48,0.415,2.0,7,3,3,0.0,0,0,0.0,1,0,45.0,0.0
0.0,31,9.54,2.0,5,3,2,1.0,0,0,0.0,1,31,1.0,1.0
0.0,121,14.5,2.0,13,6,66,1.0,1,1,0.0,1,37,12.0,1.0
1.0,244,0.04,2.0,9,3,1,0.0,1,1,0.0,0,158,1.0,1.0
